queries,MAL,QL_chars,QL_words,task_category,modality_type,temporal_scope_level,urgency_level,personalization_depth,requires_aggregation,requires_generation,requires_historical_search,output_cardinality_expectation,stakes_importance_level,social_context_present,device_context_implicit,comparison_task,list_ordering_required,media_transformation,calendar_or_schedule_related,finance_or_spending_related,health_fitness_related,shopping_or_commerce_related,entertainment_media_related,requires_external_like_search,multi_source_integration,contains_explicit_time_budget,time_reference_recency,explicit_counting_or_frequency,explicit_comparison_target_num,question_specificity_level,output_format_structured,output_format_media,named_person_count,contains_location_context,contains_goal_or_target,contains_discount_or_savings_focus,contains_emotional_or_preference_inference,historical_span_complexity,contains_relative_change_request,context_now_or_here,contains_family_or_important_relationship,media_volume_implied,analysis_vs_lookup_balance
지난주에 찍은 골프 스윙 영상 보여줘,8.7393,18,4,retrieve_media,video,2,2,1,0,0,1,1,1,0,entertainment_context,0,0,0,0,0,1,0,1,0,0,0,2,0,1,2,0,1,0,0,0,0,0,1,0,0,0,1,1
지난주에 찍은 헬스 자세 영상 보여줘,18.18,19,4,retrieve_media,video,2,2,1,0,0,1,1,2,0,health_fitness,0,0,0,0,0,1,0,0,0,0,0,2,0,1,2,0,1,0,0,1,0,0,1,0,0,0,1,1
지난주에 찍은 요가 동작 영상 보여줘,26.8976,20,4,retrieve_media,video,2,2,1,0,0,1,1,2,0,health_fitness,0,0,0,0,0,1,0,0,0,0,0,2,0,1,2,0,1,0,0,1,0,0,1,0,0,0,1,1
지난주에 찍은 등산 영상 보여줘,7.4636,16,4,retrieve_media,video,2,2,1,0,0,1,1,1,0,entertainment_context,0,0,0,0,0,1,0,1,0,0,0,2,0,1,2,0,1,0,0,0,0,0,1,0,0,0,1,1
지난 주에 찍어둔 체크카드 사진 찾아줘,24.1513,19,5,retrieve_media,photo_image,2,2,2,0,0,1,1,3,0,finance_context,0,0,0,0,1,0,0,0,0,0,0,2,0,1,1,0,1,0,0,0,0,0,1,0,0,0,1,1
지난 주에 찍어둔 영수증 사진 찾아줘,11.1685,18,5,retrieve_media,photo_image,2,2,2,0,0,1,1,3,0,finance_context,0,0,0,0,1,0,0,0,0,0,0,2,0,1,1,0,1,0,0,0,0,0,1,0,0,0,1,1
지난 주에 찍어둔 계좌번호 사진 찾아줘,20.4332,19,5,retrieve_media,photo_image,2,3,2,0,0,1,1,3,0,finance_context,0,0,0,0,1,0,0,0,0,0,0,2,0,1,1,0,1,0,0,0,0,0,1,0,0,0,1,1
지난 주에 찍어둔 통장 사진 찾아줘,14.6009,18,5,retrieve_media,photo_image,2,2,2,0,0,1,1,3,0,finance_context,0,0,0,0,1,0,0,0,0,0,0,2,0,1,1,0,1,0,0,0,0,0,1,0,0,0,1,1
지난주에 소연이가 추천했던 유튜브 영상 콘텐츠 제목이 뭐였지?,15.2048,33,6,retrieve_media,video,2,2,1,0,0,1,1,1,1,entertainment_context,0,0,0,0,0,0,0,1,1,0,0,2,0,1,2,0,0,1,0,0,0,1,1,0,0,0,1,1
지난주에 소연이가 추천했던 영화 콘텐츠 제목이 뭐였지?,12.904,30,6,retrieve_media,entertainment_media,2,2,1,0,0,1,1,1,1,entertainment_context,0,0,0,0,0,0,0,1,1,0,0,2,0,1,2,0,0,1,0,0,0,1,1,0,0,0,1,1
지난주에 소연이가 추천했던 드라마 콘텐츠 제목이 뭐였지?,18.0523,31,6,retrieve_media,entertainment_media,2,2,1,0,0,1,1,1,1,entertainment_context,0,0,0,0,0,0,0,1,1,0,0,2,0,1,2,0,0,1,0,0,0,1,1,0,0,0,1,1
지난주에 소연이가 추천했던 예능 콘텐츠 제목이 뭐였지?,31.1902,31,6,retrieve_media,entertainment_media,2,2,1,0,0,1,1,1,1,entertainment_context,0,0,0,0,0,0,0,1,1,0,0,2,0,1,2,0,0,1,0,0,0,1,1,0,0,0,1,1
지민이 결혼식 일정 알려줘,11.6698,13,4,retrieve_personal_log,calendar/schedule,1,3,1,0,0,0,1,3,1,home_planning,0,0,0,1,0,0,0,0,0,0,0,4,0,1,1,0,0,1,0,0,0,0,1,0,0,1,1,1
지민이 졸업식 일정 알려줘,15.3752,13,4,retrieve_personal_log,calendar/schedule,1,3,1,0,0,0,1,3,1,home_planning,0,0,0,1,0,0,0,0,0,0,0,4,0,1,1,0,0,1,0,0,0,0,1,0,0,1,1,1
지민이 돌잔치 일정 알려줘,15.7295,12,4,retrieve_personal_log,calendar/schedule,1,3,1,0,0,0,1,3,1,home_planning,0,0,0,1,0,0,0,0,0,0,0,4,0,1,1,0,0,1,0,0,0,0,1,0,0,1,1,1
지민이 생일 알려줘,12.1895,9,3,retrieve_personal_log,calendar/schedule,1,2,1,0,0,0,1,2,1,home_planning,0,0,0,1,0,0,0,0,0,0,0,4,0,1,1,0,0,1,0,0,0,0,1,0,0,1,1,1
사려고 찍어둔 와인 사진 다 보여줘,26.8335,18,5,retrieve_media,photo_image,4,2,1,1,0,1,3,2,0,shopping_context,0,0,0,0,0,0,1,0,1,0,0,4,0,1,2,0,1,0,0,1,0,1,3,0,0,0,2,2
사려고 찍어둔 신발 사진 다 보여줘,24.4891,18,5,retrieve_media,photo_image,4,2,1,1,0,1,3,2,0,shopping_context,0,0,0,0,0,0,1,0,1,0,0,4,0,1,2,0,1,0,0,1,0,1,3,0,0,0,2,2
사려고 찍어둔 옷 사진 다 보여줘,31.3977,17,5,retrieve_media,photo_image,4,2,1,1,0,1,3,2,0,shopping_context,0,0,0,0,0,0,1,0,1,0,0,4,0,1,2,0,1,0,0,1,0,1,3,0,0,0,2,2
사려고 찍어둔 주방용품 사진 다 보여줘,21.2091,20,5,retrieve_media,photo_image,4,2,1,1,0,1,3,2,0,shopping_context,0,0,0,0,0,0,1,0,1,0,0,4,0,1,2,0,1,0,0,1,0,1,3,0,0,0,2,2
지난주 작성한 강의 필기 찾아줘,26.106,15,4,retrieve_personal_log,text_note,2,2,2,0,0,1,1,2,0,work/productivity,0,0,0,0,0,0,0,0,0,0,0,2,0,1,2,0,0,0,0,1,0,0,1,0,0,0,1,1
지난주 작성한 노트 찾아줘,24.2368,12,4,retrieve_personal_log,text_note,2,2,2,0,0,1,2,2,0,work/productivity,0,0,0,0,0,0,0,0,0,0,0,2,0,1,2,0,0,0,0,1,0,0,1,0,0,0,2,1
지난 주에 찍어둔 강의 영상 찾아줘,20.803,17,5,retrieve_media,video,2,2,2,0,0,1,2,2,0,work/productivity,0,0,0,0,0,0,0,0,0,0,0,2,0,1,2,0,1,0,0,1,0,0,1,0,0,0,2,1
지난주 작성한 메모 찾아줘,11.5135,11,4,retrieve_personal_log,text_note,2,2,2,0,0,1,2,1,0,work/productivity,0,0,0,0,0,0,0,0,0,0,0,2,0,1,2,0,0,0,0,1,0,0,1,0,0,0,2,1
지난번 여행에서 산책할 때 찍은 사진 보여줘,18.496,21,6,retrieve_media,photo_image,3,2,2,0,0,1,2,2,0,entertainment_context,0,0,0,0,0,1,0,1,0,0,0,3,0,1,2,0,1,0,1,1,0,0,6,0,0,1,2,1
지난번 여행에서 먹었던 음식 사진 보여줘,20.4941,21,6,retrieve_media,photo_image,3,2,2,0,0,1,2,2,0,entertainment_context,0,0,0,0,0,1,0,1,0,0,0,3,0,1,2,0,1,0,1,1,0,0,6,0,0,1,2,1
지난번 여행에서 구경한 풍경 사진 보여줘,15.6216,21,6,retrieve_media,photo_image,3,2,2,0,0,1,2,2,0,entertainment_context,0,0,0,0,0,0,0,1,0,0,0,3,0,1,2,0,1,0,1,1,0,0,6,0,0,1,2,1
지난번 여행에서 체험한 액티비티 사진 보여줘,17.3384,23,6,retrieve_media,photo_image,3,2,2,0,0,1,2,2,0,entertainment_context,0,0,0,0,0,1,0,1,0,0,0,3,0,1,2,0,1,0,1,1,0,0,6,0,0,1,2,1
내 여권 사진 찾아줘,18.3003,9,4,retrieve_media,photo_image,4,3,2,0,0,0,1,3,0,home_planning,0,0,0,0,0,0,0,0,0,0,0,4,0,1,1,0,1,0,0,0,0,0,12,0,0,1,1,1
주말에 찍은 반려동물 사진 찾아줘,13.2361,16,5,retrieve_media,photo_image,2,2,2,0,0,1,2,2,1,home_planning,0,0,0,0,0,0,0,1,0,0,0,1,0,1,2,0,1,0,1,1,0,0,1,0,0,1,2,1
가족이랑 찍은 사진 찾아줘,26.9289,13,4,retrieve_media,photo_image,4,2,2,0,0,1,2,3,1,home_planning,0,0,0,0,0,0,0,1,0,0,0,4,0,1,2,0,1,0,0,1,0,0,24,0,0,1,2,1
친구들과 함께 찍은 사진 찾아줘,26.0997,14,4,retrieve_media,photo_image,4,2,2,0,0,1,2,2,1,home_planning,0,0,0,0,0,0,0,1,0,0,0,4,0,1,2,0,1,0,0,1,0,0,24,0,0,1,2,1
봄에 갔던 골프장 어디였지?,20.9377,11,4,retrieve_personal_log,location/places,4,2,2,0,0,1,1,2,0,entertainment_context,0,0,0,0,0,0,0,1,0,0,0,3,0,1,2,0,0,0,1,1,0,0,6,0,0,0,1,1
여름에 갔던 산 어디였지?,13.8776,10,4,retrieve_personal_log,location/places,4,2,2,0,0,1,1,2,0,entertainment_context,0,0,0,0,0,0,0,1,0,0,0,3,0,1,2,0,0,0,1,1,0,0,6,0,0,0,1,1
주말에 갔던 라이딩 코스 어디였지?,18.0121,14,5,retrieve_personal_log,location/places,2,2,2,0,0,1,1,2,0,health_fitness,0,0,0,0,0,1,0,1,0,0,0,1,0,1,2,0,0,0,1,1,0,0,1,0,0,0,1,1
가을에 갔던 공원 어디였지?,25.1263,11,4,retrieve_personal_log,location/places,4,2,2,0,0,1,1,2,0,entertainment_context,0,0,0,0,0,0,0,1,0,0,0,3,0,1,2,0,0,0,1,1,0,0,6,0,0,0,1,1
4월 1일에 결제했던 5만원 어디에 쓴 거지?,23.3784,18,7,retrieve_personal_log,finance/transactions,1,2,2,0,0,1,1,3,0,finance_context,0,0,0,0,1,0,0,0,0,0,0,2,0,1,1,0,0,0,0,0,0,0,1,0,0,0,1,1
4월 1일에 결제했던 5만원 어디서 쓴 거지?,18.792,18,7,retrieve_personal_log,finance/transactions,1,2,2,0,0,1,1,3,0,finance_context,0,0,0,0,1,0,0,0,0,0,0,2,0,1,1,0,0,0,1,0,0,0,1,0,0,0,1,1
4월 1일에 결제했던 5만원 무슨 카드로 쓴 거지?,17.2943,20,8,retrieve_personal_log,finance/transactions,1,2,2,0,0,1,1,3,0,finance_context,0,0,0,0,1,0,0,0,0,0,0,2,0,1,1,0,0,0,0,0,0,0,1,0,0,0,1,1
4월 1일에 결제했던 5만원 언제 쓴 거지?,18.6919,17,8,retrieve_personal_log,finance/transactions,1,2,2,0,0,1,1,3,0,finance_context,0,0,0,0,1,0,0,0,0,0,0,2,0,1,1,0,0,0,0,0,0,0,1,0,0,0,1,1
어제 반복해서 들은 노래의 제목과 가수명이 뭐지?,15.7563,20,7,retrieve_personal_log,audio/music,1,2,2,0,0,1,2,2,0,entertainment_context,0,0,0,0,0,0,0,1,0,0,0,1,0,1,2,0,0,0,0,1,0,0,1,0,0,0,2,1
어제 점심 때 들은 노래의 제목과 가수명이 뭐지?,14.6793,19,8,retrieve_personal_log,audio/music,1,2,2,0,0,1,1,2,0,entertainment_context,0,0,0,0,0,0,0,1,0,0,0,1,0,1,2,0,0,0,0,1,0,0,1,0,0,0,1,1
어제 저녁에 들은 노래의 제목과 가수명이 뭐지?,14.0305,19,7,retrieve_personal_log,audio/music,1,2,2,0,0,1,1,2,0,entertainment_context,0,0,0,0,0,0,0,1,0,0,0,1,0,1,2,0,0,0,0,1,0,0,1,0,0,0,1,1
어제 운동하면서 들은 노래의 제목과 가수명이 뭐지?,14.3753,21,7,retrieve_personal_log,audio/music,1,2,2,0,0,1,1,2,0,health_fitness,0,0,0,0,0,1,0,1,0,0,0,1,0,1,2,0,0,0,0,1,0,0,1,0,0,0,1,1
내일 지원이랑 어디서 만나기로 했지?,15.6107,15,5,retrieve_personal_log,calendar/schedule,1,3,1,0,0,0,1,2,1,home_planning,0,0,0,1,0,0,0,0,0,0,0,1,0,1,1,0,0,1,1,1,0,0,1,0,0,0,1,1
내일 지원이랑 언제 만나기로 했지?,11.9332,14,5,retrieve_personal_log,calendar/schedule,1,3,1,0,0,0,1,2,1,home_planning,0,0,0,1,0,0,0,0,0,0,0,1,0,1,1,0,0,1,0,1,0,0,1,0,0,0,1,1
내일 지원이랑 몇 시에 만나기로 했지?,16.2685,15,6,retrieve_personal_log,calendar/schedule,1,3,1,0,0,0,1,2,1,home_planning,0,0,0,1,0,0,0,0,0,0,0,1,0,1,1,0,0,1,0,1,0,0,1,0,0,0,1,1
내일 지원이랑 무엇 때문에 만나기로 했지?,11.54,17,6,retrieve_personal_log,calendar/schedule,1,3,1,0,0,0,1,2,1,home_planning,0,0,0,1,0,0,0,0,0,0,0,1,0,1,1,0,0,1,0,1,0,0,1,0,0,0,1,1
작년 겨울에 구매한 패딩을 어느 사이트에서 샀었지?,25.1216,21,7,retrieve_personal_log,shopping/commerce,3,2,2,0,0,1,1,2,0,shopping_context,0,0,0,0,0,0,1,0,0,0,0,3,0,1,2,0,0,0,0,1,0,0,12,0,0,0,1,1
작년 겨울에 구매한 패딩을 어느 앱에서 샀었지?,23.5528,19,7,retrieve_personal_log,shopping/commerce,3,2,2,0,0,1,1,2,0,shopping_context,0,0,0,0,0,0,1,0,0,0,0,3,0,1,2,0,0,0,0,1,0,0,12,0,0,0,1,1
작년 겨울에 구매한 패딩을 어느 오프라인 매장에서 샀었지?,23.6779,28,8,retrieve_personal_log,location/places,3,2,2,0,0,1,1,2,0,shopping_context,0,0,0,0,0,0,1,0,0,0,0,3,0,1,2,0,0,0,1,1,0,0,12,0,0,0,1,1
작년 겨울에 구매한 패딩을 어느 백화점에서 샀었지?,19.8546,26,8,retrieve_personal_log,location/places,3,2,2,0,0,1,1,2,0,shopping_context,0,0,0,0,0,0,1,0,0,0,0,3,0,1,2,0,0,0,1,1,0,0,12,0,0,0,1,1
오늘 미팅 장소와 시간은 어디지?,14.0835,14,5,retrieve_personal_log,calendar/schedule,1,3,1,0,0,0,1,3,0,work/productivity,0,0,0,1,0,0,0,0,0,0,0,1,0,1,1,0,0,0,1,1,0,0,1,0,1,0,1,1
오늘 약속 장소와 시간은 어디지?,6.7843,14,5,retrieve_personal_log,calendar/schedule,1,3,1,0,0,0,1,3,0,home_planning,0,0,0,1,0,0,0,0,0,0,0,1,0,1,1,0,0,0,1,1,0,0,1,0,1,0,1,1
오늘 세미나 장소와 시간은 어디지?,20.0484,15,5,retrieve_personal_log,calendar/schedule,1,3,1,0,0,0,1,2,0,work/productivity,0,0,0,1,0,0,0,0,0,0,0,1,0,1,1,0,0,0,1,1,0,0,1,0,1,0,1,1
오늘 회의 장소와 시간은 어디지?,11.4985,15,5,retrieve_personal_log,calendar/schedule,1,3,1,0,0,0,1,3,0,work/productivity,0,0,0,1,0,0,0,0,0,0,0,1,0,1,1,0,0,0,1,1,0,0,1,0,1,0,1,1
작년 결혼기념일 때 갔던 레스토랑 어디였지?,13.2869,24,6,retrieve_personal_log,location/places,3,2,2,0,0,1,1,2,0,home_planning,0,0,0,0,0,0,0,1,0,0,0,3,0,1,2,0,0,0,1,1,0,0,12,0,0,1,1,1
뉴욕 여행 때 갔던 브런치 집 어디였지?,15.9983,22,7,retrieve_personal_log,location/places,3,2,2,0,0,1,1,2,0,entertainment_context,0,0,0,0,0,0,0,1,0,0,0,3,0,1,2,0,0,0,1,1,0,0,6,0,0,0,1,1
부모님 생신 때 갔던 호텔 어디였지?,14.627,20,6,retrieve_personal_log,location/places,1,2,2,0,0,1,1,3,1,home_planning,0,0,0,0,0,0,0,1,0,0,0,3,0,1,2,0,0,1,1,1,0,0,12,0,0,1,1,1
친구 결혼식 때 갔던 식장 어디였지?,21.6479,23,6,retrieve_personal_log,location/places,3,2,2,0,0,1,1,3,1,home_planning,0,0,0,0,0,0,0,1,0,0,0,3,0,1,2,0,0,0,1,1,0,0,12,0,0,1,1,1
성훈이랑 최근에 언제 만났더라?,14.5831,13,4,retrieve_personal_log,text_note,1,2,2,0,0,1,1,2,1,home_planning,0,0,0,0,0,0,0,0,0,0,0,2,0,1,2,0,0,1,0,0,0,0,1,0,0,0,1,1
성훈이랑 최근에 어디서 만났더라?,17.0392,15,4,retrieve_personal_log,location/places,1,2,2,0,0,1,1,2,1,home_planning,0,0,0,0,0,0,0,0,0,0,0,2,0,1,2,0,0,1,1,0,0,0,1,0,0,0,1,1
성훈이랑 최근에 몇 시에 만났더라?,18.6927,17,5,retrieve_personal_log,text_note,1,2,2,0,0,1,1,2,1,home_planning,0,0,0,0,0,0,0,0,0,0,0,2,0,1,1,0,0,1,0,0,0,0,1,0,0,0,1,1
성훈이랑 최근에 무엇 때문에 만났더라?,22.4367,19,5,retrieve_personal_log,text_note,1,2,2,0,0,1,1,2,1,home_planning,0,0,0,0,0,0,0,0,0,0,0,2,0,1,2,0,0,1,0,0,0,0,1,0,0,0,1,1
지난달에 운동 몇 번이나 했지?,12.7229,12,5,retrieve_personal_log,none/implicit,3,2,2,1,0,1,1,2,0,health_fitness,0,0,0,0,0,1,0,0,0,0,0,2,1,1,2,0,0,0,0,1,0,0,1,0,0,0,1,2
지난달에 걷기 몇 번이나 했지?,20.8216,12,5,retrieve_personal_log,none/implicit,3,2,2,1,0,1,1,2,0,health_fitness,0,0,0,0,0,1,0,0,0,0,0,2,1,1,2,0,0,0,0,1,0,0,1,0,0,0,1,2
지난달에 요가 몇 번이나 했지?,15.467,12,5,retrieve_personal_log,none/implicit,3,2,2,1,0,1,1,2,0,health_fitness,0,0,0,0,0,1,0,0,0,0,0,2,1,1,2,0,0,0,0,1,0,0,1,0,0,0,1,2
지난달에 수영 몇 번이나 했지?,9.3088,12,5,retrieve_personal_log,none/implicit,3,2,2,1,0,1,1,2,0,health_fitness,0,0,0,0,0,1,0,0,0,0,0,2,1,1,2,0,0,0,0,1,0,0,1,0,0,0,1,2
지난달에 쿠팡에서 총 얼마나 썼지?,21.5989,14,5,retrieve_personal_log,none/implicit,3,2,2,1,0,1,1,2,0,finance_context,0,0,0,0,1,0,0,0,0,0,0,2,1,1,2,0,0,0,0,0,0,0,1,0,0,0,1,2
지난달에 이마트에서 총 얼마나 썼지?,12.7241,15,5,retrieve_personal_log,none/implicit,3,2,2,1,0,1,1,2,0,finance_context,0,0,0,0,1,0,0,0,0,0,0,2,1,1,2,0,0,0,0,0,0,0,1,0,0,0,1,2
지난달에 전통시장에서 총 얼마나 썼지?,23.353,16,5,retrieve_personal_log,none/implicit,3,2,2,1,0,1,1,2,0,finance_context,0,0,0,0,1,0,0,0,0,0,0,2,1,1,2,0,0,0,0,0,0,0,1,0,0,0,1,2
지난달에 편의점에서 총 얼마나 썼지?,25.8917,15,5,retrieve_personal_log,none/implicit,3,2,2,1,0,1,1,2,0,finance_context,0,0,0,0,1,0,0,0,0,0,0,2,1,1,2,0,0,0,0,0,0,0,1,0,0,0,1,2
지난달에 유튜브를 총 몇 시간 재생했지?,17.2496,16,6,retrieve_personal_log,none/implicit,3,2,2,1,0,1,1,1,0,entertainment_context,0,0,0,0,0,0,0,1,0,0,0,2,1,1,2,0,0,0,0,0,0,0,1,0,0,0,1,2
지난달에 넷플릭스를 총 몇 시간 재생했지?,22.1453,17,6,retrieve_personal_log,none/implicit,3,2,2,1,0,1,1,1,0,entertainment_context,0,0,0,0,0,0,0,1,0,0,0,2,1,1,2,0,0,0,0,0,0,0,1,0,0,0,1,2
지난달에 케이팝 플레이리스트를 총 몇 시간 재생했지?,26.7749,18,7,retrieve_personal_log,none/implicit,3,2,2,1,0,1,1,1,0,entertainment_context,0,0,0,0,0,0,0,1,0,0,0,2,1,1,2,0,0,0,0,0,0,0,1,0,0,0,1,2
지난달에 팟캐스트를 총 몇 시간 재생했지?,24.7164,15,6,retrieve_personal_log,none/implicit,3,2,2,1,0,1,1,1,0,entertainment_context,0,0,0,0,0,0,0,1,0,0,0,2,1,1,2,0,0,0,0,0,0,0,1,0,0,0,1,2
지난해에 약속이 몇 번이나 있었지?,33.8893,13,5,retrieve_personal_log,none/implicit,4,2,2,1,0,1,1,2,0,home_planning,0,0,0,0,0,0,0,0,0,0,0,3,1,1,2,0,0,0,0,1,0,0,12,0,0,0,1,2
지난해에 모임이 몇 번이나 있었지?,28.1026,12,5,retrieve_personal_log,none/implicit,4,2,2,1,0,1,1,2,0,home_planning,0,0,0,0,0,0,0,0,0,0,0,3,1,1,2,0,0,0,0,1,0,0,12,0,0,0,1,2
지난해에 회식이 몇 번이나 있었지?,20.4603,12,5,retrieve_personal_log,none/implicit,4,2,2,1,0,1,1,2,0,work/productivity,0,0,0,0,0,0,0,0,0,0,0,3,1,1,2,0,0,0,0,1,0,0,12,0,0,0,1,2
지난해에 여행이 몇 번이나 있었지?,13.163,12,5,retrieve_personal_log,none/implicit,4,2,2,1,0,1,1,2,0,entertainment_context,0,0,0,0,0,0,0,1,0,0,0,3,1,1,2,0,0,0,0,1,0,0,12,0,0,0,1,2
올해 상반기에 옷을 몇 번이나 샀지?,19.9251,16,6,retrieve_personal_log,none/implicit,4,2,2,1,0,1,1,2,0,shopping_context,0,0,0,0,0,0,1,0,0,0,0,4,1,1,2,0,0,0,0,1,0,0,6,0,0,0,1,2
올해 상반기에 신발을 몇 번이나 샀지?,20.4428,17,6,retrieve_personal_log,none/implicit,4,2,2,1,0,1,1,2,0,shopping_context,0,0,0,0,0,0,1,0,0,0,0,4,1,1,2,0,0,0,0,1,0,0,6,0,0,0,1,2
올해 상반기에 생필품을 몇 번이나 샀지?,28.4905,18,6,retrieve_personal_log,none/implicit,4,2,2,1,0,1,1,2,0,shopping_context,0,0,0,0,0,0,1,0,0,0,0,4,1,1,2,0,0,0,0,1,0,0,6,0,0,0,1,2
올해 상반기에 화장품을 몇 번이나 샀지?,17.8084,18,6,retrieve_personal_log,none/implicit,4,2,2,1,0,1,1,2,0,shopping_context,0,0,0,0,0,0,1,0,0,0,0,4,1,1,2,0,0,0,0,1,0,0,6,0,0,0,1,2
지난주에 영어 회화를 몇 시간 했지?,18.2183,16,6,retrieve_personal_log,none/implicit,2,2,2,1,0,1,1,2,0,work/productivity,0,0,0,0,0,0,0,0,0,0,0,2,1,1,2,0,0,0,0,1,0,0,1,0,0,0,1,2
지난주에 자격증 공부를 몇 시간 했지?,18.8426,17,6,retrieve_personal_log,none/implicit,2,2,2,1,0,1,1,2,0,work/productivity,0,0,0,0,0,0,0,0,0,0,0,2,1,1,2,0,0,0,0,1,0,0,1,0,0,0,1,2
지난주에 독서를 몇 시간 했지?,16.7158,15,5,retrieve_personal_log,none/implicit,2,2,2,1,0,1,1,2,0,work/productivity,0,0,0,0,0,0,0,0,0,0,0,2,1,1,2,0,0,0,0,1,0,0,1,0,0,0,1,2
지난주에 오프라인 합주를 몇 시간 했지?,21.5635,18,6,retrieve_personal_log,none/implicit,2,2,2,1,0,1,1,2,0,work/productivity,0,0,0,0,0,0,0,0,0,0,0,2,1,1,2,0,0,0,0,1,0,0,1,0,0,0,1,2
올해 캠핑을 몇 번이나 갔지?,15.08,12,5,retrieve_personal_log,none/implicit,4,2,2,1,0,1,1,2,0,entertainment_context,0,0,0,0,0,0,0,1,0,0,0,4,1,1,2,0,0,0,0,1,0,0,6,0,0,0,1,2
올해 나들이를 몇 번이나 갔지?,26.4506,13,5,retrieve_personal_log,none/implicit,4,2,2,1,0,1,1,2,0,entertainment_context,0,0,0,0,0,0,0,1,0,0,0,4,1,1,2,0,0,0,0,1,0,0,6,0,0,0,1,2
올해 산책을 몇 번이나 갔지?,14.2559,12,5,retrieve_personal_log,none/implicit,4,2,2,1,0,1,1,2,0,entertainment_context,0,0,0,0,0,1,0,0,0,0,0,4,1,1,2,0,0,0,0,1,0,0,6,0,0,0,1,2
올해 여행을 몇 번이나 갔지?,16.9997,13,5,retrieve_personal_log,none/implicit,4,2,2,1,0,1,1,2,0,entertainment_context,0,0,0,0,0,0,0,1,0,0,0,4,1,1,2,0,0,0,0,1,0,0,6,0,0,0,1,2
이번 달에 배달 음식을 몇 번 먹었지?,12.1014,18,7,retrieve_personal_log,none/implicit,3,2,2,1,0,1,1,1,0,home_planning,0,0,0,0,0,0,0,0,0,0,0,2,1,1,2,0,0,0,0,0,0,0,1,0,0,0,1,2
이번 달에 외식을 몇 번 먹었지?,25.2473,15,6,retrieve_personal_log,none/implicit,3,2,2,1,0,1,1,1,0,home_planning,0,0,0,0,0,0,0,0,0,0,0,2,1,1,2,0,0,0,0,0,0,0,1,0,0,0,1,2
이번 달에 카페를 몇 번 먹었지?,17.5864,13,5,retrieve_personal_log,none/implicit,3,2,2,1,0,1,1,1,0,home_planning,0,0,0,0,0,0,0,0,0,0,0,2,1,1,2,0,0,0,0,0,0,0,1,0,0,0,1,2
이번 달에 편의점에서 몇 번 먹었지?,20.9935,17,6,retrieve_personal_log,none/implicit,3,2,2,1,0,1,1,1,0,home_planning,0,0,0,0,0,0,0,0,0,0,0,2,1,1,2,0,0,0,0,0,0,0,1,0,0,0,1,2
지난달과 비교했을 때 이번 달 운동량이 얼마나 늘었지?,23.8735,30,8,compare_stats,health/fitness,3,2,2,1,0,1,1,2,0,health_fitness,1,0,0,0,0,1,0,0,0,0,0,1,0,2,2,0,0,0,0,1,0,0,1,1,0,0,1,3
지난달과 비교했을 때 이번 달 걸음 수가 얼마나 늘었지?,12.2085,32,8,compare_stats,health_fitness,3,2,2,1,0,1,1,2,0,health_fitness,1,0,0,0,0,1,0,0,0,0,0,1,0,2,2,0,0,0,0,1,0,0,1,1,0,0,1,3
지난달과 비교했을 때 이번 달 칼로리 소모가 얼마나 늘었지?,14.8955,36,8,compare_stats,health_fitness,3,2,2,1,0,1,1,2,0,health_fitness,1,0,0,0,0,1,0,0,0,0,0,1,0,2,2,0,0,0,0,1,0,0,1,1,0,0,1,3
지난달과 비교했을 때 이번 달 활동 시간이 얼마나 늘었지?,24.6488,38,8,compare_stats,health_fitness,3,2,2,1,0,1,1,2,0,health_fitness,1,0,0,0,0,1,0,0,0,0,0,1,0,2,2,0,0,0,0,1,0,0,1,1,0,0,1,3
작년과 비교했을 때 올해 카드 결제액이 얼마나 늘었지?,25.3443,39,8,compare_stats,finance/transactions,4,2,2,1,0,1,1,3,0,finance_context,1,0,0,0,1,0,0,0,0,0,0,3,0,2,2,0,0,0,0,0,0,0,12,1,0,0,1,3
작년과 비교했을 때 올해 여가 비용이 얼마나 늘었지?,20.8705,39,8,compare_stats,finance/transactions,4,2,2,1,0,1,1,2,0,finance_context,1,0,0,0,1,0,0,0,0,0,0,3,0,2,2,0,0,0,0,0,0,0,12,1,0,0,1,3
작년과 비교했을 때 올해 고정 지출이 얼마나 늘었지?,23.7459,39,8,compare_stats,finance/transactions,4,2,2,1,0,1,1,3,0,finance_context,1,0,0,0,1,0,0,0,0,0,0,3,0,2,2,0,0,0,0,0,0,0,12,1,0,0,1,3
작년과 비교했을 때 올해 생활비가 얼마나 늘었지?,24.2751,36,8,compare_stats,finance/transactions,4,2,2,1,0,1,1,3,0,finance_context,1,0,0,0,1,0,0,0,0,0,0,3,0,2,2,0,0,0,0,0,0,0,12,1,0,0,1,3
올해 가장 많이 들었던 음악 순서대로 알려줘,25.2008,20,7,aggregate_stats,audio/music,4,2,2,1,0,1,3,1,0,entertainment_context,0,1,0,0,0,0,0,1,0,0,0,4,0,1,3,1,0,0,0,0,0,1,12,0,0,0,3,3
올해 가장 많이 시청했던 유튜브 채널 순서대로 알려줘,20.1194,27,7,aggregate_stats,entertainment_media,4,2,2,1,0,1,3,1,0,entertainment_context,0,1,0,0,0,0,0,1,0,0,0,4,0,1,3,1,0,0,0,0,0,1,12,0,0,0,3,3
올해 가장 많이 플레이한 게임 순서대로 알려줘,33.9973,22,7,aggregate_stats,entertainment_media,4,2,2,1,0,1,3,1,0,entertainment_context,0,1,0,0,0,0,0,1,0,0,0,4,0,1,3,1,0,0,0,0,0,1,12,0,0,0,3,3
올해 가장 많이 본 드라마 순서대로 알려줘,12.8249,22,7,aggregate_stats,entertainment_media,4,2,2,1,0,1,3,1,0,entertainment_context,0,1,0,0,0,0,0,1,0,0,0,4,0,1,3,1,0,0,0,0,0,1,12,0,0,0,3,3
지난달에 성진이랑 통화한 횟수 이번달과 비교해줘,19.2887,29,7,compare_stats,messaging/chat,3,2,2,1,0,1,1,2,1,home_planning,1,0,0,0,0,0,0,0,0,0,0,1,1,2,2,0,0,1,0,0,0,0,1,1,0,0,1,3
지난달에 성진이랑 메시지 교환 횟수 이번달과 비교해줘,21.6109,37,8,compare_stats,messaging/chat,3,2,2,1,0,1,1,2,1,home_planning,1,0,0,0,0,0,0,0,0,0,0,1,1,2,2,0,0,1,0,0,0,0,1,1,0,0,1,3
지난달에 성진이랑 만난 횟수 이번달과 비교해줘,20.2698,33,8,compare_stats,none/implicit,3,2,2,1,0,1,1,2,1,home_planning,1,0,0,0,0,0,0,0,0,0,0,1,1,2,2,0,0,1,0,0,0,0,1,1,0,0,1,3
지난달에 성진이랑 영상통화 횟수 이번달과 비교해줘,14.0343,36,8,compare_stats,messaging/chat,3,2,2,1,0,1,1,2,1,home_planning,1,0,0,0,0,0,0,0,0,0,0,1,1,2,2,0,0,1,0,0,0,0,1,1,0,0,1,3
온라인 쇼핑과 오프라인 쇼핑 결제 금액 비교해줘,32.1986,29,6,compare_stats,finance/transactions,3,2,2,1,0,1,2,3,0,shopping_context,1,0,0,0,1,0,1,0,0,0,0,3,0,2,2,0,0,0,0,0,0,0,6,1,0,0,2,3
카드 결제와 현금 결제 금액 비교해줘,26.7424,22,6,compare_stats,finance/transactions,3,2,2,1,0,1,2,3,0,finance_context,1,0,0,0,1,0,0,0,0,0,0,3,0,2,2,0,0,0,0,0,0,0,6,1,0,0,2,3
이번 달과 지난달 결제 금액 비교해줘,21.2016,21,5,compare_stats,finance/transactions,3,2,2,1,0,1,1,3,0,finance_context,1,0,0,0,1,0,0,0,0,0,0,1,0,2,2,0,0,0,0,0,0,0,1,1,0,0,1,3
평일과 주말 결제 금액 비교해줘,30.0478,20,5,compare_stats,finance/transactions,3,2,2,1,0,1,2,3,0,finance_context,1,0,0,0,1,0,0,0,0,0,0,3,0,2,2,0,0,0,0,0,0,0,6,1,0,0,2,3
이번 달이랑 지난달 근무 시간을 비교해줘,31.5749,26,6,compare_stats,calendar/schedule,3,2,2,1,0,1,1,2,0,work/productivity,1,0,0,1,0,0,0,0,0,0,0,1,0,2,2,0,0,0,0,1,0,0,1,1,0,0,1,3
이번 달이랑 지난달 회의 시간을 비교해줘,17.9169,26,6,compare_stats,calendar/schedule,3,2,2,1,0,1,1,2,0,work/productivity,1,0,0,1,0,0,0,0,0,0,0,1,0,2,2,0,0,0,0,1,0,0,1,1,0,0,1,3
이번 달이랑 지난달 학습 시간을 비교해줘,21.2882,26,6,compare_stats,none/implicit,3,2,2,1,0,1,1,2,0,work/productivity,1,0,0,0,0,0,0,0,0,0,0,1,0,2,2,0,0,0,0,1,0,0,1,1,0,0,1,3
이번 달이랑 지난달 작업 시간을 비교해줘,21.7818,26,6,compare_stats,none/implicit,3,2,2,1,0,1,1,2,0,work/productivity,1,0,0,0,0,0,0,0,0,0,0,1,0,2,2,0,0,0,0,1,0,0,1,1,0,0,1,3
여행 갔을 때 평소보다 평균 걸음 수가 얼마나 늘었지?,17.8381,36,9,compare_stats,health_fitness,3,2,2,1,0,1,1,2,0,entertainment_context,1,0,0,0,0,1,0,0,0,0,0,3,0,2,2,0,0,0,1,1,0,0,6,1,0,0,1,3
여행 갔을 때 평소보다 활동량이 얼마나 늘었지?,27.7023,34,8,compare_stats,health_fitness,3,2,2,1,0,1,1,2,0,entertainment_context,1,0,0,0,0,1,0,0,0,0,0,3,0,2,2,0,0,0,1,1,0,0,6,1,0,0,1,3
여행 갔을 때 평소보다 이동 거리가 얼마나 늘었지?,22.2324,36,9,compare_stats,location/places,3,2,2,1,0,1,1,2,0,entertainment_context,1,0,0,0,0,0,0,0,0,0,0,3,0,2,2,0,0,0,1,1,0,0,6,1,0,0,1,3
여행 갔을 때 평소보다 칼로리 소모가 얼마나 늘었지?,29.7746,36,9,compare_stats,health_fitness,3,2,2,1,0,1,1,2,0,entertainment_context,1,0,0,0,0,1,0,0,0,0,0,3,0,2,2,0,0,0,1,1,0,0,6,1,0,0,1,3
지난달에 집에서 보낸 시간과 밖에서 보낸 시간 비교해줘,36.7562,40,10,compare_stats,none/implicit,3,2,2,1,0,1,2,2,0,home_planning,1,0,0,0,0,0,0,0,0,0,0,3,0,2,2,0,0,0,1,1,0,0,6,1,0,0,2,3
지난달에 근무 시간과 여가 시간 비교해줘,21.8848,29,7,compare_stats,none/implicit,3,2,2,1,0,1,2,2,0,work/productivity,1,0,0,0,0,0,0,0,0,0,0,3,0,2,2,0,0,0,0,1,0,0,6,1,0,0,2,3
지난달과 이번달 취미생활하는데 쓴 시간 비교해줘,27.537,35,7,compare_stats,none/implicit,3,2,2,1,0,1,1,2,0,home_planning,1,0,0,0,0,0,0,0,0,0,0,1,0,2,2,0,0,0,0,1,0,0,1,1,0,0,2,3
지난달과 이번달에 가장 많이 먹은 음식 비교해줘,36.4351,36,8,compare_stats,none/implicit,3,2,2,1,0,1,3,2,0,home_planning,1,1,0,0,0,0,0,0,0,0,0,1,0,2,3,1,0,0,0,0,0,0,1,1,0,0,3,3
이번 주 요일 별 칼로리 소모량을 순서대로 알려줘,11.356,20,8,aggregate_stats,health/fitness,2,2,2,1,0,1,3,2,0,health_fitness,0,1,0,0,0,1,0,0,0,0,0,1,0,1,2,1,0,0,0,0,0,0,1,0,0,0,1,3
이번 주 날짜 별 칼로리 소모량을 순서대로 알려줘,20.8111,21,8,aggregate_stats,health/fitness,2,2,2,1,0,1,3,2,0,health_fitness,0,1,0,0,0,1,0,0,0,0,0,1,0,1,2,1,0,0,0,0,0,0,1,0,0,0,1,3
이번 주 시간 별 칼로리 소모량을 순서대로 알려줘,23.7308,21,8,aggregate_stats,health/fitness,2,2,2,1,0,1,3,2,0,health_fitness,0,1,0,0,0,1,0,0,0,0,0,1,0,1,2,1,0,0,0,0,0,0,1,0,0,0,1,3
이번 주 활동 별 칼로리 소모량을 순서대로 알려줘,32.4589,22,8,aggregate_stats,health/fitness,2,2,2,1,0,1,3,2,0,health_fitness,0,1,0,0,0,1,0,0,0,0,0,1,0,1,2,1,0,0,0,0,0,0,1,0,0,0,1,3
지난달 카드 결제 내역을 정리해서 가계부로 작성해줘,30.0569,24,7,aggregate_stats,finance/transactions,3,2,2,1,1,1,3,3,0,finance_context,0,0,0,0,1,0,0,0,0,0,0,2,0,1,2,1,0,0,0,1,0,0,2,0,0,0,3,3
지난달 관리비 내역을 정리해서 가계부로 작성해줘,19.4243,25,7,aggregate_stats,finance/transactions,3,2,2,1,1,1,3,3,0,finance_context,0,0,0,0,1,0,0,0,0,0,0,2,0,1,2,1,0,0,0,1,0,0,2,0,0,0,3,3
지난달 저축 금액 내역을 정리해서 가계부로 작성해줘,34.3083,26,8,aggregate_stats,finance/transactions,3,2,2,1,1,1,3,3,0,finance_context,0,0,0,0,1,0,0,0,0,0,0,2,0,1,2,1,0,0,0,1,0,0,2,0,0,0,3,3
지난달 용돈 내역을 정리해서 가계부로 작성해줘,26.1903,24,7,aggregate_stats,finance/transactions,3,2,2,1,1,1,3,3,0,finance_context,0,0,0,0,1,0,0,0,0,0,0,2,0,1,2,1,0,0,0,1,0,0,2,0,0,0,3,3
작년 이맘때쯤 자주 들었던 음악 리스트 만들어줘,18.1467,22,6,generate_list,audio/music,4,1,1,1,1,1,2,1,0,entertainment_context,0,0,0,0,0,0,0,1,1,0,0,3,0,1,2,1,0,0,0,0,0,1,12,0,0,0,2,2
작년 이맘때쯤 자주 시청한 영상 리스트 만들어줘,32.5002,24,6,generate_list,video,4,1,1,1,1,1,2,1,0,entertainment_context,0,0,0,0,0,0,0,1,1,0,0,3,0,1,2,1,0,0,0,0,0,1,12,0,0,0,2,2
작년 이맘때쯤 자주 플레이한 게임 리스트 만들어줘,17.6907,24,6,generate_list,entertainment_media,4,1,1,1,1,1,2,1,0,entertainment_context,0,0,0,0,0,0,0,1,1,0,0,3,0,1,2,1,0,0,0,0,0,1,12,0,0,0,2,2
작년 이맘때쯤 자주 읽은 책 리스트 만들어줘,20.6366,24,6,generate_list,text_note,4,1,1,1,1,1,2,1,0,entertainment_context,0,0,0,0,0,0,0,1,1,0,0,3,0,1,2,1,0,0,0,0,0,1,12,0,0,0,2,2
어제 친구들과 단체 메신저 방에서 나눈 대화 내용을 요약해줘,21.3406,31,8,summarize_text,messaging/chat,1,2,2,1,1,1,2,2,1,home_planning,0,0,0,0,0,0,0,0,0,0,0,1,0,1,2,0,0,1,0,0,0,1,1,0,0,0,2,3
어제 가족들과 단체 메신저 방에서 나눈 대화 내용을 요약해줘,18.0877,32,8,summarize_text,messaging/chat,1,2,2,1,1,1,2,2,1,home_planning,0,0,0,0,0,0,0,0,0,0,0,1,0,1,2,0,0,1,0,0,0,1,1,0,0,1,2,3
어제 팀원들과 단체 메신저 방에서 나눈 대화 내용을 요약해줘,24.9038,33,8,summarize_text,messaging/chat,1,2,2,1,1,1,2,2,1,work/productivity,0,0,0,0,0,0,0,0,0,0,0,1,0,1,2,0,0,1,0,1,0,0,1,0,0,0,2,3
어제 동료들과 단체 메신저 방에서 나눈 대화 내용을 요약해줘,21.806,33,8,summarize_text,messaging/chat,1,2,2,1,1,1,2,2,1,work/productivity,0,0,0,0,0,0,0,0,0,0,0,1,0,1,2,0,0,1,0,1,0,0,1,0,0,0,2,3
이번주 마트에서 사야하는 물건 찍어둔 것 다 모아서 쇼핑리스트 만들어줘,22.965,35,10,generate_list,photo_image,2,2,1,1,1,1,3,2,0,shopping_context,0,0,0,0,0,0,1,0,1,0,0,1,0,1,2,1,0,0,0,1,0,1,3,0,0,0,3,2
이번주 다이소에서 사야하는 물건 찍어둔 것 다 모아서 쇼핑리스트 만들어줘,35.0526,39,10,generate_list,photo_image,2,2,1,1,1,1,3,2,0,shopping_context,0,0,0,0,0,0,1,0,1,0,0,1,0,1,2,1,0,0,0,1,0,1,3,0,0,0,3,2
이번주 올리브영에서 사야하는 물건 찍어둔 것 다 모아서 쇼핑리스트 만들어줘,21.6875,44,10,generate_list,photo_image,2,2,1,1,1,1,3,2,0,shopping_context,0,0,0,0,0,0,1,0,1,0,0,1,0,1,2,1,0,0,0,1,0,1,3,0,0,0,3,2
이번주 편의점에서 사야하는 물건 찍어둔 것 다 모아서 쇼핑리스트 만들어줘,21.0415,41,10,generate_list,photo_image,2,2,1,1,1,1,3,2,0,shopping_context,0,0,0,0,0,0,1,0,1,0,0,1,0,1,2,1,0,0,0,1,0,1,3,0,0,0,3,2
지난달에 정리한 강의노트를 한 장으로 요약 정리해줘,26.5597,30,7,summarize_text,text_note,3,2,2,1,1,1,1,2,0,work/productivity,0,0,0,0,0,0,0,0,0,0,0,2,0,1,2,1,0,0,0,1,0,0,2,0,0,0,2,3
지난달에 작성한 업무노트를 한 장으로 요약 정리해줘,32.4549,33,7,summarize_text,text_note,3,2,2,1,1,1,1,2,0,work/productivity,0,0,0,0,0,0,0,0,0,0,0,2,0,1,2,1,0,0,0,1,0,0,2,0,0,0,2,3
지난달에 녹음한 회의록을 한 장으로 요약 정리해줘,46.0703,34,7,summarize_text,audio/music,3,2,2,1,1,1,1,2,0,work/productivity,0,0,0,0,0,0,0,0,0,0,0,2,0,1,2,1,0,0,0,1,0,0,2,0,0,0,3,3
지난달에 촬영한 메모를 한 장으로 요약 정리해줘,40.983,32,7,summarize_text,photo_image,3,2,2,1,1,1,1,2,0,work/productivity,0,0,0,0,0,0,0,0,0,0,0,2,0,1,2,1,0,0,0,1,0,0,2,0,0,0,3,3
스페인 여행에서 내가 갔던 곳 모두 정리해서 알려줘,27.994,28,7,aggregate_stats,location/places,3,2,2,1,0,1,3,2,0,entertainment_context,0,0,0,0,0,0,0,1,0,0,0,3,0,1,2,1,0,0,1,1,0,0,6,0,0,0,3,2
여름휴가 동안 내가 갔던 곳 모두 정리해서 알려줘,23.1966,27,7,aggregate_stats,location/places,4,2,2,1,0,1,3,2,0,entertainment_context,0,0,0,0,0,0,0,1,0,0,0,3,0,1,2,1,0,0,1,1,0,0,12,0,0,1,3,2
지난 주말에 내가 갔던 곳 모두 정리해서 알려줘,19.0671,28,8,aggregate_stats,location/places,2,2,2,1,0,1,2,2,0,entertainment_context,0,0,0,0,0,0,0,1,0,0,0,1,0,1,2,1,0,0,1,1,0,0,1,0,0,1,2,2
가족 여행으로 내가 갔던 곳 모두 정리해서 알려줘,48.7953,30,8,aggregate_stats,location/places,4,2,2,1,0,1,3,2,1,home_planning,0,0,0,0,0,0,0,1,0,0,0,4,0,1,2,1,0,1,1,1,0,0,24,0,0,1,3,2
가족 단체 사진만 모두 모아서 영상으로 만들어줘,81.7913,25,7,create_video,photo_image,4,2,2,1,1,1,3,3,1,home_planning,0,0,1,0,0,0,0,1,0,0,0,4,0,1,2,0,1,1,0,1,0,0,24,0,0,1,3,2
반려동물 사진만 모두 모아서 영상으로 만들어줘,50.5136,23,7,create_video,photo_image,4,2,2,1,1,1,3,2,1,home_planning,0,0,1,0,0,0,0,1,0,0,0,4,0,1,2,0,1,0,0,1,0,0,24,0,0,1,3,2
내 증명 사진만 모두 모아서 영상으로 만들어줘,66.8085,21,7,create_video,photo_image,4,2,2,1,1,0,3,3,0,home_planning,0,0,1,0,0,0,0,0,0,0,0,4,0,1,1,0,1,0,0,0,0,0,12,0,0,1,3,2
친구들과 사진만 모두 모아서 영상으로 만들어줘,91.1981,25,7,create_video,photo_image,4,2,2,1,1,1,3,2,1,home_planning,0,0,1,0,0,0,0,1,0,0,0,4,0,1,2,0,1,1,0,1,0,0,24,0,0,1,3,2
만보 정도 걸을 수 있는 한강 산책 코스 추천해줘,14.7629,27,9,recommend_place,none/implicit,4,2,0,0,1,0,2,1,0,mobile_on_the_go,0,0,0,0,0,1,0,0,1,0,0,4,0,1,2,0,0,0,1,1,0,0,1,0,0,0,1,3
만보 정도 걸을 수 있는 동네 산책 코스 추천해줘,14.4268,27,9,recommend_place,none/implicit,4,2,0,0,1,0,2,1,0,mobile_on_the_go,0,0,0,0,0,1,0,0,1,0,0,4,0,1,2,0,0,0,1,1,0,0,1,0,0,0,1,3
만보 정도 걸을 수 있는 공원 산책로 추천해줘,18.6808,25,8,recommend_place,none/implicit,4,2,0,0,1,0,2,1,0,mobile_on_the_go,0,0,0,0,0,1,0,0,1,0,0,4,0,1,2,0,0,0,1,1,0,0,1,0,0,0,1,3
만보 정도 걸을 수 있는 해변 산책로 추천해줘,17.9301,25,8,recommend_place,none/implicit,4,2,0,0,1,0,2,1,0,mobile_on_the_go,0,0,0,0,0,1,0,0,1,0,0,4,0,1,2,0,0,0,1,1,0,0,1,0,0,0,1,3
10만원 정도 가격대로 갈 만한 집 근처 술집 찾아줘,14.7395,30,9,recommend_place,none/implicit,4,2,0,0,1,0,2,2,0,shopping_context,0,0,0,0,0,0,1,0,1,0,0,4,0,1,2,0,0,0,1,1,0,0,1,0,0,0,1,3
10만원 정도 가격대로 갈 만한 집 근처 식당 찾아줘,24.9278,30,9,recommend_place,none/implicit,4,2,0,0,1,0,2,2,0,shopping_context,0,0,0,0,0,0,1,0,1,0,0,4,0,1,2,0,0,0,1,1,0,0,1,0,0,0,1,3
10만원 정도 가격대로 갈 만한 집 근처 카페 찾아줘,16.5807,30,9,recommend_place,none/implicit,4,2,0,0,1,0,2,2,0,shopping_context,0,0,0,0,0,0,1,0,1,0,0,4,0,1,2,0,0,0,1,1,0,0,1,0,0,0,1,3
10만원 정도 가격대로 갈 만한 집 근처 펜션 찾아줘,24.5787,30,9,recommend_place,none/implicit,4,2,0,0,1,0,2,2,0,shopping_context,0,0,0,0,0,0,1,0,1,0,0,4,0,1,2,0,0,0,1,1,0,0,1,0,0,0,1,3
블랙핑크 '뛰어' 랑 비슷한 느낌의 노래 추천해줘,12.4405,27,7,recommend_content,none/implicit,4,2,0,0,1,0,2,1,0,entertainment_context,0,0,0,0,0,0,0,1,1,0,0,4,0,1,2,0,0,0,0,0,0,1,1,0,0,0,1,3
영화 '귀멸의 칼날: 무한성 편'이랑 비슷한 느낌의 영화 추천해줘,12.1376,42,9,recommend_content,none/implicit,4,2,0,0,1,0,2,1,0,entertainment_context,0,0,0,0,0,0,0,1,1,0,0,4,0,1,2,0,0,0,0,0,0,1,1,0,0,0,1,3
드라마 '오징어게임'이랑 비슷한 느낌의 드라마 추천해줘,26.245,34,6,recommend_content,none/implicit,4,2,0,0,1,0,2,1,0,entertainment_context,0,0,0,0,0,0,0,1,1,0,0,4,0,1,2,0,0,0,0,0,0,1,1,0,0,0,1,3
책 '스토너'랑 비슷한 느낌의 책 추천해줘,24.9037,26,6,recommend_content,none/implicit,4,2,0,0,1,0,2,1,0,entertainment_context,0,0,0,0,0,0,0,1,1,0,0,4,0,1,2,0,0,0,0,0,0,1,1,0,0,0,1,3
지난번 두산이가 말했던 식당이랑 비슷한 곳 찾아줘,26.4361,33,7,recommend_place,none/implicit,3,2,1,0,1,1,2,1,1,entertainment_context,0,0,0,0,0,0,0,0,1,0,0,3,0,1,2,0,0,1,0,0,0,1,6,0,0,0,1,3
지난번 두산이가 말했던 카페랑 비슷한 곳 찾아줘,24.0292,31,7,recommend_place,none/implicit,3,2,1,0,1,1,2,1,1,entertainment_context,0,0,0,0,0,0,0,0,1,0,0,3,0,1,2,0,0,1,0,0,0,1,6,0,0,0,1,3
지난번 두산이가 말했던 나들이 장소랑 비슷한 곳 찾아줘,19.9965,35,7,recommend_place,none/implicit,3,2,1,0,1,1,2,1,1,entertainment_context,0,0,0,0,0,0,0,0,1,0,0,3,0,1,2,0,0,1,0,0,0,1,6,0,0,0,1,3
지난번 두산이가 말했던 여행지랑 비슷한 곳 찾아줘,21.7256,33,7,recommend_place,none/implicit,3,2,1,0,1,1,2,1,1,entertainment_context,0,0,0,0,0,0,0,0,1,0,0,3,0,1,2,0,0,1,0,0,0,1,6,0,0,0,1,3
이 사진에 있는 신발이랑 비슷한 디자인 찾아줘,21.4302,31,7,recommend_product,photo_image,4,2,0,0,1,0,2,2,0,shopping_context,0,0,0,0,0,0,1,0,1,0,0,4,0,1,2,0,1,0,0,1,0,1,3,0,0,0,1,3
이 사진에 있는 티셔츠랑 비슷한 디자인 찾아줘,23.3894,31,7,recommend_product,photo_image,4,2,0,0,1,0,2,2,0,shopping_context,0,0,0,0,0,0,1,0,1,0,0,4,0,1,2,0,1,0,0,1,0,1,3,0,0,0,1,3
이 사진에 있는 가구랑 비슷한 디자인 찾아줘,9.9031,29,7,recommend_product,photo_image,4,2,0,0,1,0,2,2,0,shopping_context,0,0,0,0,0,0,1,0,1,0,0,4,0,1,2,0,1,0,0,1,0,1,3,0,0,0,1,3
이 사진에 있는 액세서리랑 비슷한 디자인 찾아줘,34.4119,34,7,recommend_product,photo_image,4,2,0,0,1,0,2,2,0,shopping_context,0,0,0,0,0,0,1,0,1,0,0,4,0,1,2,0,1,0,0,1,0,1,3,0,0,0,1,3
이 노트에 있는 내용과 관련된 유튜브 찾아줘,32.3092,30,7,requires_external_like_search,text_note,4,2,0,0,1,0,2,2,0,work/productivity,0,0,0,0,0,0,0,1,1,0,0,4,0,1,2,0,0,0,0,1,0,0,3,0,0,0,1,3
이 논문에 있는 내용과 관련된 강의 영상 찾아줘,39.9892,35,7,recommend_content,text_note,4,2,0,0,1,0,2,2,0,work/productivity,0,0,0,0,0,0,0,0,1,0,0,4,0,1,2,0,1,0,0,1,0,0,6,0,0,0,1,3
이 회의록에 있는 내용과 관련된 뉴스 찾아줘,19.6215,31,7,recommend_content,text_note,4,2,0,0,1,0,2,2,0,work/productivity,0,0,0,0,0,0,0,0,1,0,0,4,0,1,2,0,0,0,0,1,0,0,3,0,0,0,1,3
이 메모에 있는 내용과 관련된 자료 찾아줘,24.0666,30,7,recommend_content,text_note,4,2,0,0,1,0,2,2,0,work/productivity,0,0,0,0,0,0,0,0,1,0,0,4,0,1,2,0,0,0,0,1,0,0,3,0,0,0,1,3
지난달에 갔던 캠핑장과 비슷한 곳 찾아줘,27.9766,33,6,recommend_place,none/implicit,3,2,1,0,1,1,2,2,0,entertainment_context,0,0,0,0,0,0,0,0,1,0,0,2,0,1,2,0,0,0,0,0,0,1,6,0,0,0,2,3
지난달에 갔던 공원과 비슷한 곳 찾아줘,18.1948,29,6,recommend_place,none/implicit,3,2,1,0,1,1,2,1,0,entertainment_context,0,0,0,0,0,0,0,0,1,0,0,2,0,1,2,0,0,0,0,0,0,1,6,0,0,0,2,3
지난달에 갔던 수목원과 비슷한 곳 찾아줘,17.8119,31,6,recommend_place,none/implicit,3,2,1,0,1,1,2,1,0,entertainment_context,0,0,0,0,0,0,0,0,1,0,0,2,0,1,2,0,0,0,0,0,0,1,6,0,0,0,2,3
지난달에 갔던 나들이 장소와 비슷한 곳 찾아줘,37.8376,37,7,recommend_place,none/implicit,3,2,1,0,1,1,2,2,0,entertainment_context,0,0,0,0,0,0,0,0,1,0,0,2,0,1,2,0,0,0,0,0,0,1,6,0,0,0,2,3
사진에 있는 이런 가방을 구경해 볼 수 있는 곳 찾아줘,18.7553,34,8,recommend_place,photo_image,4,2,0,0,1,0,2,2,0,shopping_context,0,0,0,0,0,0,1,0,1,0,0,4,0,1,2,0,1,0,0,1,0,1,3,0,0,0,1,3
사진에 있는 이런 소파를 구경해 볼 수 있는 곳 찾아줘,20.5872,36,8,recommend_place,photo_image,4,2,0,0,1,0,2,2,0,shopping_context,0,0,0,0,0,0,1,0,1,0,0,4,0,1,2,0,1,0,0,1,0,1,3,0,0,0,1,3
사진에 있는 이런 식탁을 구경해 볼 수 있는 곳 찾아줘,32.2836,38,8,recommend_place,photo_image,4,2,0,0,1,0,2,2,0,shopping_context,0,0,0,0,0,0,1,0,1,0,0,4,0,1,2,0,1,0,0,1,0,1,3,0,0,0,1,3
사진에 있는 이런 인테리어 장식을 구경해 볼 수 있는 곳 찾아줘,19.7669,39,9,recommend_place,photo_image,4,2,0,0,1,0,2,2,0,shopping_context,0,0,0,0,0,0,1,0,1,0,0,4,0,1,2,0,1,0,0,1,0,1,3,0,0,0,1,3
오늘 목표 걸음수를 채울 수 있는 코스 추천해줘,22.0324,19,8,recommend_content,none/implicit,1,3,1,0,1,0,2,2,0,health_fitness,0,0,0,0,0,1,0,0,0,0,0,1,0,1,2,0,0,0,0,1,0,0,1,0,1,0,1,3
지금 근처에서 할 수 있는 운동 추천해줘,13.1321,16,7,recommend_content,none/implicit,1,3,1,0,1,0,2,2,0,mobile_on_the_go,0,0,0,0,0,1,0,0,1,0,0,1,0,1,2,0,0,0,1,1,0,0,1,0,1,0,1,3
오늘 목표 칼로리를 달성 할 수 있는 운동 추천해줘,10.5821,20,9,recommend_content,none/implicit,1,3,1,0,1,0,2,2,0,health_fitness,0,0,0,0,0,1,0,0,0,0,0,1,0,1,2,0,0,0,0,1,0,0,1,0,1,0,1,3
오늘같은 날씨에 하면 좋을 운동 추천해줘,12.9894,17,6,recommend_content,none/implicit,1,3,1,0,1,0,2,2,0,health_fitness,0,0,0,0,0,1,0,0,0,0,0,1,0,1,2,0,0,0,0,0,0,0,1,0,1,0,1,3
지금 여기 아울렛에서 할인되는 카드 추천해줘,15.8561,17,6,recommend_product,none/implicit,1,3,1,0,1,0,2,2,0,shopping_context,0,0,0,0,1,0,1,0,1,0,0,1,0,1,2,0,0,0,1,1,1,0,1,0,1,0,1,3
지금 여기 백화점에서 할인되는 카드 추천해줘,17.9164,19,6,recommend_product,none/implicit,1,3,1,0,1,0,2,2,0,shopping_context,0,0,0,0,1,0,1,0,1,0,0,1,0,1,2,0,0,0,1,1,1,0,1,0,1,0,1,3
지금 여기 식당에서 할인되는 카드 추천해줘,17.2717,18,6,recommend_product,none/implicit,1,3,1,0,1,0,2,2,0,shopping_context,0,0,0,0,1,0,1,0,1,0,0,1,0,1,2,0,0,0,1,1,1,0,1,0,1,0,1,3
지금 여기 카페에서 할인되는 카드 추천해줘,14.4256,18,6,recommend_product,none/implicit,1,3,1,0,1,0,2,2,0,shopping_context,0,0,0,0,1,0,1,0,1,0,0,1,0,1,2,0,0,0,1,1,1,0,1,0,1,0,1,3
출퇴근 시간에 볼 만한 영상 추천해줘,18.0612,15,6,recommend_content,none/implicit,1,2,1,0,1,0,2,1,0,mobile_on_the_go,0,0,0,0,0,0,0,1,1,0,1,1,0,1,2,0,0,0,0,0,0,0,1,0,0,0,1,3
공부할 때에 들으면 좋은 노래 추천해줘,14.1756,16,6,recommend_content,none/implicit,4,2,1,0,1,0,2,1,0,work/productivity,0,0,0,0,0,0,0,1,1,0,0,4,0,1,2,0,0,0,0,0,0,0,1,0,0,0,1,3
운동 중에 즐길 만한 콘텐츠 추천해줘,17.051,15,6,recommend_content,none/implicit,4,2,1,0,1,0,2,1,0,health_fitness,0,0,0,0,0,1,0,1,1,0,0,4,0,1,2,0,0,0,0,0,0,0,1,0,0,0,1,3
휴식 시간에 읽기 좋은 책 추천해줘,12.775,14,6,recommend_content,none/implicit,1,2,1,0,1,0,2,1,0,home_planning,0,0,0,0,0,0,0,1,1,0,1,1,0,1,2,0,0,0,0,0,0,0,1,0,0,0,1,3
지금 대화 중인 친구들과 갈 만한 식당 찾아줘,18.7958,18,8,recommend_place,none/implicit,1,3,1,0,0,0,2,2,1,mobile_on_the_go,0,0,0,0,0,0,0,0,1,0,0,1,0,1,2,0,0,0,1,0,0,0,1,0,1,0,1,2
지금 대화 중인 친구들과 갈 만한 카페 찾아줘,19.255,18,8,recommend_place,none/implicit,1,3,1,0,0,0,2,2,1,mobile_on_the_go,0,0,0,0,0,0,0,0,1,0,0,1,0,1,2,0,0,0,1,0,0,0,1,0,1,0,1,2
지금 대화 중인 친구들과 갈 만한 펍 찾아줘,22.1998,17,8,recommend_place,none/implicit,1,3,1,0,0,0,2,2,1,mobile_on_the_go,0,0,0,0,0,0,0,0,1,0,0,1,0,1,2,0,0,0,1,0,0,0,1,0,1,0,1,2
지금 대화 중인 친구들과 갈 만한 노래방 찾아줘,12.8402,19,8,recommend_place,none/implicit,1,3,1,0,0,0,2,2,1,mobile_on_the_go,0,0,0,0,0,0,0,0,1,0,0,1,0,1,2,0,0,0,1,0,0,0,1,0,1,0,1,2
지금 내가 갖고 있는 멤버십 중에 여기 백화점에서 할인되는 멤버십 찾아줘,25.0356,30,11,recommend_product,none/implicit,1,3,2,1,0,1,2,2,0,shopping_context,0,0,0,0,1,0,1,0,1,1,0,1,0,1,2,0,0,0,1,1,1,0,3,0,1,0,1,2
지금 내가 갖고 있는 쿠폰 중에 여기 마트에서 할인되는 쿠폰 찾아줘,18.4119,27,11,recommend_product,none/implicit,1,3,2,1,0,1,2,2,0,shopping_context,0,0,0,0,1,0,1,0,1,1,0,1,0,1,2,0,0,0,1,1,1,0,3,0,1,0,1,2
지금 내가 갖고 있는 카드 중에 여기 아울렛에서 할인되는 카드 찾아줘,28.7196,28,11,recommend_product,none/implicit,1,3,2,1,0,1,2,3,0,shopping_context,0,0,0,0,1,0,1,0,1,1,0,1,0,1,2,0,0,0,1,1,1,0,3,0,1,0,1,2
지금 내가 갖고 있는 카드 중에 여기 온라인쇼핑몰에서 할인되는 카드 찾아줘,19.6738,31,11,recommend_product,none/implicit,1,3,2,1,0,1,2,2,0,shopping_context,0,0,0,0,1,0,1,0,1,1,0,1,0,1,2,0,0,0,0,1,1,0,3,0,1,0,1,2
지금 30분 정도 여유 시간에 볼만한 도서 추천해줘,10.3147,20,8,recommend_content,none/implicit,1,2,1,0,1,0,2,1,0,home_planning,0,0,0,0,0,0,0,1,1,0,1,1,0,1,2,0,0,0,0,0,0,0,1,0,1,0,1,3
지금 30분 정도 여유 시간에 볼만한 한국사 강의 추천해줘,17.7394,23,9,recommend_content,none/implicit,1,2,1,0,1,0,2,2,0,work/productivity,0,0,0,0,0,0,0,0,1,0,1,1,0,1,2,0,0,0,0,1,0,0,1,0,1,0,1,3
지금 30분 정도 여유 시간에 볼만한 자기 계발 영상 추천해줘,15.1364,25,9,recommend_content,none/implicit,1,2,1,0,1,0,2,1,0,home_planning,0,0,0,0,0,0,0,1,1,0,1,1,0,1,2,0,0,0,0,0,0,0,1,0,1,0,1,3
지금 30분 정도 여유 시간에 볼만한 다큐멘터리 추천해줘,18.6942,27,9,recommend_content,none/implicit,1,2,1,0,1,0,2,2,0,home_planning,0,0,0,0,0,0,0,1,1,0,1,1,0,1,2,0,0,0,0,0,0,0,1,0,1,0,1,3
현재 위치에서 걸어서 갈 수 있는 맛집 리스트 보여줘,18.3592,21,9,recommend_place,none/implicit,1,3,1,1,0,0,3,2,0,mobile_on_the_go,0,1,0,0,0,0,0,0,1,0,0,1,0,1,2,1,0,0,1,0,0,0,1,0,1,0,2,2
현재 위치에서 걸어서 갈 수 있는 카페 리스트 보여줘,18.4366,20,9,recommend_place,none/implicit,1,3,1,1,0,0,3,2,0,mobile_on_the_go,0,1,0,0,0,0,0,0,1,0,0,1,0,1,2,1,0,0,1,0,0,0,1,0,1,0,2,2
현재 위치에서 걸어서 갈 수 있는 가볼만한 곳 리스트 보여줘,23.8414,24,9,recommend_place,none/implicit,1,3,1,1,0,0,3,2,0,mobile_on_the_go,0,1,0,0,0,0,0,0,1,0,0,1,0,1,2,1,0,0,1,0,0,0,1,0,1,0,2,2
현재 위치에서 걸어서 갈 수 있는 오프라인 쇼핑몰 리스트 보여줘,17.871,27,10,recommend_place,none/implicit,1,3,1,1,0,0,3,2,0,mobile_on_the_go,0,1,0,0,0,0,1,0,1,0,0,1,0,1,2,1,0,0,1,0,0,0,1,0,1,0,2,2
오늘 날씨에 적합한 패션 스타일 추천해줘,10.6296,17,6,recommend_content,none/implicit,1,3,1,0,1,0,2,1,0,shopping_context,0,0,0,0,0,0,1,0,1,0,0,1,0,1,2,0,0,0,0,0,0,0,1,0,1,0,1,3
오늘 출장지에 적합한 패션 스타일 추천해줘,22.7296,18,6,recommend_content,none/implicit,1,3,1,0,1,0,2,2,0,home_planning,0,0,0,0,0,0,1,0,1,0,0,1,0,1,2,0,0,0,0,0,0,0,1,0,1,0,1,3
오늘 저녁 약속에 적합한 패션 스타일 추천해줘,19.0553,20,7,recommend_content,none/implicit,1,3,1,0,1,0,2,2,0,home_planning,0,0,0,0,0,0,1,0,1,0,0,1,0,1,2,0,0,0,0,0,0,0,1,0,1,0,1,3
이번 주말에 뭐 입으면 좋을지 추천해줘,17.5808,16,6,recommend_content,none/implicit,2,2,1,0,1,0,2,1,0,home_planning,0,0,0,0,0,0,1,0,1,0,0,2,0,1,2,0,0,0,0,0,0,0,1,0,0,0,1,3
내가 자주 먹는 음식을 분석해서 늦은 밤에 먹기 좋은 건강식 추천해줘,26.025,28,11,recommend_content,none/implicit,4,2,2,1,1,1,2,2,0,home_planning,0,0,0,0,0,1,0,0,0,0,0,4,0,1,3,0,0,0,0,1,0,1,3,0,0,0,1,3
내가 자주 먹는 음식을 분석해서 아침에 먹기 좋은 간편식 추천해줘,13.3468,27,11,recommend_content,none/implicit,4,2,2,1,1,1,2,2,0,home_planning,0,0,0,0,0,1,0,0,0,0,0,4,0,1,3,0,0,0,0,1,0,1,3,0,0,0,1,3
내가 자주 먹는 음식을 분석해서 운동 후 먹기 좋은 음식 추천해줘,12.6053,27,11,recommend_content,none/implicit,4,2,2,1,1,1,2,2,0,health_fitness,0,0,0,0,0,1,0,0,0,0,0,4,0,1,3,0,0,0,0,1,0,1,3,0,0,0,1,3
내가 자주 먹는 음식을 분석해서 다이어트할 때 먹기 좋은 음식 추천해줘,28.1394,29,11,recommend_content,none/implicit,4,2,2,1,1,1,2,2,0,health_fitness,0,0,0,0,0,1,0,0,0,0,0,4,0,1,3,0,0,0,0,1,0,1,3,0,0,0,1,3
커피값 많이 쓰는 나한테 맞는 원두 구독 서비스 추천해줄래?,24.8223,24,9,recommend_content,none/implicit,4,2,1,0,1,1,2,2,0,shopping_context,0,0,0,0,0,0,1,0,1,0,0,4,0,1,2,0,0,0,0,1,0,1,3,0,0,0,1,3
영화 많이 보는 나한테 맞는 OTT 구독 서비스 추천해줄래?,15.5363,24,9,recommend_content,entertainment_media,4,2,1,0,1,1,2,1,0,entertainment_context,0,0,0,0,0,0,1,1,1,0,0,4,0,1,2,0,0,0,0,1,0,1,3,0,0,0,1,3
트렌디한 영상 자주 보는 나한테 맞는 SNS/커뮤니티 서비스 추천해줄래?,26.3098,30,9,recommend_content,entertainment_media,4,2,1,0,1,1,2,1,0,entertainment_context,0,0,0,0,0,0,0,1,1,0,0,4,0,1,2,0,0,0,0,1,0,1,3,0,0,0,1,3
음악 많이 듣는 나한테 맞는 음악 스트리밍 구독 서비스 추천해줄래?,18.4527,27,9,recommend_content,entertainment_media,4,2,1,0,1,1,2,1,0,entertainment_context,0,0,0,0,0,0,1,1,1,0,0,4,0,1,2,0,0,0,0,1,0,1,3,0,0,0,1,3
내가 평소 듣는 콘텐츠 기준으로 재밌는 팟캐스트 추천해줘,27.8044,24,8,recommend_content,entertainment_media,4,2,2,0,1,1,2,1,0,entertainment_context,0,0,0,0,0,0,0,1,1,0,0,4,0,1,2,0,0,0,0,1,0,1,3,0,0,0,1,3
내가 평소 보는 콘텐츠 기준으로 볼 만한 유튜브 채널 추천해줘,23.3731,25,9,recommend_content,entertainment_media,4,2,2,0,1,1,2,1,0,entertainment_context,0,0,0,0,0,0,0,1,1,0,0,4,0,1,2,0,0,0,0,1,0,1,3,0,0,0,1,3
내가 평소 듣는 콘텐츠 기준으로 새로운 음악 추천해줘,15.7212,25,8,recommend_content,entertainment_media,4,2,2,0,1,1,2,1,0,entertainment_context,0,0,0,0,0,0,0,1,1,0,0,4,0,1,2,0,0,0,0,1,0,1,3,0,0,0,1,3
내가 평소 듣는 콘텐츠 기준으로 들을 만한 라디오 추천해줘,21.2035,28,9,recommend_content,entertainment_media,4,2,2,0,1,1,2,1,0,entertainment_context,0,0,0,0,0,0,0,1,1,0,0,4,0,1,2,0,0,0,0,1,0,1,3,0,0,0,1,3
재희랑 했던 대화를 분석해서 재희가 좋아할 만한 생일 선물 추천해줘,37.2681,30,10,recommend_content,none/implicit,4,2,2,1,1,1,2,2,1,home_planning,0,0,0,0,0,0,0,0,0,0,0,4,0,1,3,0,0,1,0,1,0,1,6,0,0,0,1,3
재희랑 했던 대화를 분석해서 재희가 좋아할 만한 기념일 선물 추천해줘,29.7371,30,10,recommend_content,none/implicit,4,2,2,1,1,1,2,2,1,home_planning,0,0,0,0,0,0,0,0,0,0,0,4,0,1,3,0,0,1,0,1,0,1,6,0,0,0,1,3
재희랑 했던 대화를 분석해서 재희가 좋아할 만한 크리스마스 선물 추천해줘,31.2297,32,10,recommend_content,none/implicit,4,2,2,1,1,1,2,2,1,home_planning,0,0,0,0,0,0,0,0,0,0,0,4,0,1,3,0,0,1,0,1,0,1,6,0,0,0,1,3
재희랑 했던 대화를 분석해서 재희가 좋아할 만한 졸업 선물 추천해줘,41.8565,30,10,recommend_content,none/implicit,4,2,2,1,1,1,2,3,1,home_planning,0,0,0,0,0,0,0,0,0,0,0,4,0,1,3,0,0,1,0,1,0,1,6,0,0,0,1,3
내가 자주 사는 치약을 최저가로 구매할 수 있는 곳 알려줘,20.2837,28,10,retrieve_personal_log,none/implicit,4,2,1,0,0,1,2,2,0,shopping_context,0,0,0,0,0,0,1,0,1,0,0,4,0,1,2,0,0,0,0,1,1,0,3,0,0,0,1,2
내가 자주 사는 샴푸를 할인가로 구매할 수 있는 곳 알려줘,17.4653,28,10,retrieve_personal_log,none/implicit,4,2,1,0,0,1,2,2,0,shopping_context,0,0,0,0,0,0,1,0,1,0,0,4,0,1,2,0,0,0,0,1,1,0,3,0,0,0,1,2
내가 자주 사는 세제를 특가로 구매할 수 있는 곳 알려줘,23.5022,28,10,retrieve_personal_log,none/implicit,4,2,1,0,0,1,2,2,0,shopping_context,0,0,0,0,0,0,1,0,1,0,0,4,0,1,2,0,0,0,0,1,1,0,3,0,0,0,1,2
내가 자주 사는 화장지를 저렴한 가격으로 구매할 수 있는 곳 알려줘,22.2698,31,11,retrieve_personal_log,none/implicit,4,2,1,0,0,1,2,2,0,shopping_context,0,0,0,0,0,0,1,0,1,0,0,4,0,1,2,0,0,0,0,1,1,0,3,0,0,0,1,2
내가 자주 보는 콘텐츠 기준으로 볼만한 최신 뉴스 검색해줘,24.3256,30,9,requires_external_like_search,none/implicit,4,2,1,0,0,1,2,1,0,entertainment_context,0,0,0,0,0,0,0,0,1,0,0,4,0,1,3,0,0,0,0,1,0,1,3,0,0,0,1,2
내가 자주 보는 콘텐츠 기준으로 볼만한 최신 트렌드 검색해줘,15.0165,28,9,requires_external_like_search,none/implicit,4,2,1,0,0,1,2,1,0,entertainment_context,0,0,0,0,0,0,0,0,1,0,0,4,0,1,3,0,0,0,0,1,0,1,3,0,0,0,1,2
내가 자주 보는 콘텐츠 기준으로 볼만한 최신 잡지 검색해줘,27.3833,30,9,requires_external_like_search,none/implicit,4,2,1,0,0,1,2,1,0,entertainment_context,0,0,0,0,0,0,0,0,1,0,0,4,0,1,3,0,0,0,0,1,0,1,3,0,0,0,1,2
내가 자주 보는 콘텐츠 기준으로 볼만한 최신 블로그 검색해줘,15.2104,28,9,requires_external_like_search,none/implicit,4,2,1,0,0,1,2,1,0,entertainment_context,0,0,0,0,0,0,0,0,1,0,0,4,0,1,3,0,0,0,0,1,0,1,3,0,0,0,1,2
나연이랑 갈만한 점심 식당 추천해줘,14.9039,23,5,recommend_place,location/places,4,2,1,0,1,0,2,2,1,mobile_on_the_go,0,0,0,0,0,0,0,0,1,0,0,4,0,1,2,0,0,1,0,1,0,1,3,0,0,0,1,3
나연이랑 갈만한 점심 카페 추천해줘,20.0891,26,6,recommend_place,location/places,4,2,1,0,1,0,2,2,1,mobile_on_the_go,0,0,0,0,0,0,0,0,1,0,0,4,0,1,2,0,0,1,0,1,0,1,3,0,0,0,1,3
나연이랑 갈만한 점심 데이트 장소 추천해줘,36.2261,32,6,recommend_place,location/places,4,2,1,0,1,0,2,3,1,mobile_on_the_go,0,0,0,0,0,0,0,0,1,0,0,4,0,1,2,0,0,1,0,1,0,1,3,0,0,0,1,3
나연이랑 갈만한 점심 브런치 카페 추천해줘,20.0408,31,7,recommend_place,location/places,4,2,1,0,1,0,2,2,1,mobile_on_the_go,0,0,0,0,0,0,0,0,1,0,0,4,0,1,2,0,0,1,0,1,0,1,3,0,0,0,1,3
내 건강 데이터를 참고해서 오늘 식단을 추천해줘,28.2162,24,7,recommend_content,health/fitness,1,3,2,1,1,1,2,2,0,health_fitness,0,0,0,0,0,1,0,0,0,1,0,1,0,1,3,0,0,0,0,1,0,1,3,0,1,0,1,3
내 일정(캘린더)을 참고해서 오늘 점심 메뉴 추천해줘,18.7407,28,8,recommend_content,calendar/schedule,1,3,2,0,1,0,2,2,0,home_planning,0,0,0,1,0,0,0,0,0,1,0,1,0,1,3,0,0,0,0,1,0,0,1,0,1,0,1,2
내 목표 칼로리와 운동량을 참고해서 오늘 식단을 추천해줘,20.401,35,10,recommend_content,health/fitness,1,3,2,1,1,1,2,2,0,health_fitness,0,0,0,0,0,1,0,0,0,1,0,1,0,1,3,0,0,0,0,1,0,1,3,0,1,0,1,3
내 수면 분석 데이터를 참고해서 오늘 식단을 추천해줘,21.7058,33,8,recommend_content,health/fitness,1,3,2,1,1,1,2,2,0,health_fitness,0,0,0,0,0,1,0,0,0,1,0,1,0,1,3,0,0,0,0,1,0,1,3,0,1,0,1,3
