queries,MAL,TXT_char_count,TXT_char_count_no_spaces,TXT_word_count,TXT_avg_word_length,TXT_sentence_count,TXT_punctuation_count,TXT_special_char_count,TXT_text_density,LING_query_type,LING_tense,LING_has_modality,LING_has_negation,LING_has_conditional,LING_clause_complexity,LING_verb_noun_ratio,SEM_domain_primary,SEM_domain_secondary,SEM_entity_person_count,SEM_entity_time_count,SEM_entity_object_count,SEM_abstractness_score,SEM_specificity_score,SEM_ambiguity_score,TASK_operation_count,TASK_needs_filtering,TASK_needs_aggregation,TASK_needs_sorting,TASK_modality_types,TASK_external_dependency,TASK_expected_result_count,TEMP_reference_type,TEMP_range_specificity,TEMP_recency_requirement,TEMP_realtime_need,TEMP_location_context_need,INTENT_urgency_level,INTENT_consequence_severity,INTENT_priority_indicator,INTENT_emotional_tone,INTENT_satisfaction_criticality,INFO_density_score,INFO_constraint_count,INFO_precision_requirement,INFO_recall_requirement,COMP_search_space_size,COMP_index_complexity,COMP_join_operations,COMP_reasoning_depth
지난주에 찍은 골프 스윙 영상 보여줘,8.7393,20,17,5,3.4,1,0,0,5.0,imperative,past,0,0,0,2,0.8,personal_media,none,0,1,1,2,7,2,2,1,0,0,video,2,many,relative,2,3,0,0,2,2,2,neutral,3,6,2,7,5,2,1,1.0,
지난주에 찍은 헬스 자세 영상 보여줘,18.18,21,18,5,3.6,1,0,0,5.0,imperative,past,0,0,0,2,0.8,personal_media,none,0,1,1,2,7,2,2,1,0,0,video,2,many,relative,2,3,0,0,2,2,2,neutral,3,6,2,7,5,2,1,1.0,
지난주에 찍은 요가 동작 영상 보여줘,26.8976,21,18,5,3.6,1,0,0,5.0,imperative,past,0,0,0,2,0.8,personal_media,none,0,1,1,2,7,2,2,1,0,0,video,2,many,relative,2,3,0,0,2,2,2,neutral,3,6,2,7,5,2,1,1.0,
지난주에 찍은 등산 영상 보여줘,7.4636,18,15,4,3.75,1,0,0,4.0,imperative,past,0,0,0,2,0.8,personal_media,none,0,1,1,2,6,2,2,1,0,0,video,2,many,relative,2,3,0,0,2,2,2,neutral,3,5,2,7,5,2,1,1.0,
지난 주에 찍어둔 체크카드 사진 찾아줘,24.1513,22,19,6,3.17,1,0,0,6.0,imperative,past,0,0,0,2,0.7,finance,personal_media,0,1,1,2,9,2,2,1,0,0,image,2,single,relative,2,3,0,0,3,4,4,neutral,4,7,3,8,2,3,2,2.0,
지난 주에 찍어둔 영수증 사진 찾아줘,11.1685,22,19,6,3.17,1,0,0,6.0,imperative,past,0,0,0,2,0.7,finance,personal_media,0,1,1,2,9,2,2,1,0,0,image,2,single,relative,2,3,0,0,3,4,4,neutral,4,7,3,8,2,3,2,2.0,
지난 주에 찍어둔 계좌번호 사진 찾아줘,20.4332,23,20,6,3.33,1,0,0,6.0,imperative,past,0,0,0,2,0.7,finance,personal_media,0,1,1,2,9,2,2,1,0,0,image,2,single,relative,2,3,0,0,4,5,4,neutral,5,8,4,8,2,3,2,2.0,
지난 주에 찍어둔 통장 사진 찾아줘,14.6009,21,18,6,3.0,1,0,0,6.0,imperative,past,0,0,0,2,0.7,finance,personal_media,0,1,1,2,9,2,2,1,0,0,image,2,single,relative,2,3,0,0,4,5,4,neutral,5,8,4,8,2,3,2,2.0,
지난주에 소연이가 추천했던 유튜브 영상 콘텐츠 제목이 뭐였지?,15.2048,36,32,9,3.56,1,1,0,9.0,interrogative,past,1,0,0,2,0.8,media,memory_recall,1,1,1,3,8,3,2,1,0,0,video,2,single,relative,2,2,0,0,2,2,2,curious,4,8,3,7,3,2,1,2.0,
지난주에 소연이가 추천했던 영화 콘텐츠 제목이 뭐였지?,12.904,34,30,8,3.75,1,1,0,8.0,interrogative,past,1,0,0,2,0.8,media,memory_recall,1,1,1,3,8,3,2,1,0,0,video,2,single,relative,2,2,0,0,2,2,2,curious,4,8,3,7,3,2,1,2.0,
지난주에 소연이가 추천했던 드라마 콘텐츠 제목이 뭐였지?,18.0523,36,32,8,4.0,1,1,0,8.0,interrogative,past,1,0,0,2,0.8,media,memory_recall,1,1,1,3,8,3,2,1,0,0,video,2,single,relative,2,2,0,0,2,2,2,curious,4,8,3,7,3,2,1,2.0,
지난주에 소연이가 추천했던 예능 콘텐츠 제목이 뭐였지?,31.1902,36,32,8,4.0,1,1,0,8.0,interrogative,past,1,0,0,2,0.8,media,memory_recall,1,1,1,3,8,3,2,1,0,0,video,2,single,relative,2,2,0,0,2,2,2,curious,4,8,3,7,3,2,1,2.0,
지민이 결혼식 일정 알려줘,11.6698,15,13,4,3.25,1,0,0,4.0,imperative,future,0,0,0,1,0.7,events,social,1,0,1,3,8,2,1,0,0,0,text_note,2,single,none,0,0,0,0,3,4,4,neutral,5,7,4,5,1,1,0,1.0,
지민이 졸업식 일정 알려줘,15.3752,15,13,4,3.25,1,0,0,4.0,imperative,future,0,0,0,1,0.7,events,social,1,0,1,3,8,2,1,0,0,0,text_note,2,single,none,0,0,0,0,3,4,4,neutral,5,7,4,5,1,1,0,1.0,
지민이 돌잔치 일정 알려줘,15.7295,15,13,4,3.25,1,0,0,4.0,imperative,future,0,0,0,1,0.7,events,social,1,0,1,3,8,2,1,0,0,0,text_note,2,single,none,0,0,0,0,3,4,4,neutral,5,7,4,5,1,1,0,1.0,
지민이 생일 알려줘,12.1895,11,9,3,3.0,1,0,0,3.0,imperative,future,0,0,0,1,0.7,events,social,1,0,1,3,7,2,1,0,0,0,text_note,2,single,none,0,0,0,0,3,4,4,neutral,4,6,4,4,1,1,0,1.0,
사려고 찍어둔 와인 사진 다 보여줘,26.8335,22,19,6,3.17,1,0,0,6.0,imperative,past,0,0,0,2,0.8,shopping,personal_media,0,0,1,2,7,2,2,1,1,0,image,2,many,none,0,0,0,0,2,2,2,neutral,4,6,3,8,3,2,1,1.0,
사려고 찍어둔 신발 사진 다 보여줘,24.4891,22,19,6,3.17,1,0,0,6.0,imperative,past,0,0,0,2,0.8,shopping,personal_media,0,0,1,2,7,2,2,1,1,0,image,2,many,none,0,0,0,0,2,2,2,neutral,4,6,3,8,3,2,1,1.0,
사려고 찍어둔 옷 사진 다 보여줘,31.3977,20,17,5,3.4,1,0,0,5.0,imperative,past,0,0,0,2,0.8,shopping,personal_media,0,0,1,2,7,2,2,1,1,0,image,2,many,none,0,0,0,0,2,2,2,neutral,4,6,3,8,3,2,1,1.0,
사려고 찍어둔 주방용품 사진 다 보여줘,21.2091,24,21,6,3.5,1,0,0,6.0,imperative,past,0,0,0,2,0.8,shopping,personal_media,0,0,1,2,7,2,2,1,1,0,image,2,many,none,0,0,0,0,2,2,2,neutral,4,6,3,8,3,2,1,1.0,
지난주 작성한 강의 필기 찾아줘,26.106,18,15,5,3.0,1,0,0,5.0,imperative,past,0,0,0,2,0.8,personal_notes,education,0,1,1,2,8,2,2,1,0,0,text_note,2,single,relative,2,3,0,0,2,2,3,neutral,4,7,4,6,2,2,1,2.0,
지난주 작성한 노트 찾아줘,24.2368,15,12,4,3.0,1,0,0,4.0,imperative,past,0,0,0,2,0.8,personal_notes,education,0,1,1,2,7,2,2,1,0,0,text_note,2,single,relative,2,3,0,0,2,2,3,neutral,4,6,4,5,2,2,1,2.0,
지난 주에 찍어둔 강의 영상 찾아줘,20.803,22,19,6,3.17,1,0,0,6.0,imperative,past,0,0,0,2,0.8,education,personal_media,0,1,1,2,8,2,2,1,0,0,video,2,single,relative,2,3,0,0,2,2,3,neutral,4,7,4,6,2,2,1,2.0,
지난주 작성한 메모 찾아줘,11.5135,15,12,4,3.0,1,0,0,4.0,imperative,past,0,0,0,2,0.8,personal_notes,none,0,1,1,2,7,2,2,1,0,0,text_note,2,single,relative,2,3,0,0,2,2,3,neutral,3,5,4,4,2,2,1,2.0,
지난번 여행에서 산책할 때 찍은 사진 보여줘,18.496,27,23,7,3.29,1,0,0,7.0,imperative,past,0,0,0,2,0.8,personal_media,travel,0,1,1,2,7,3,2,1,0,0,image,2,many,relative,2,2,0,0,2,2,2,neutral,4,6,3,7,3,2,1,2.0,
지난번 여행에서 먹었던 음식 사진 보여줘,20.4941,27,23,7,3.29,1,0,0,7.0,imperative,past,0,0,0,2,0.8,personal_media,travel,0,1,1,2,7,3,2,1,0,0,image,2,many,relative,2,2,0,0,2,2,2,neutral,4,6,3,7,3,2,1,2.0,
지난번 여행에서 구경한 풍경 사진 보여줘,15.6216,27,23,7,3.29,1,0,0,7.0,imperative,past,0,0,0,2,0.8,personal_media,travel,0,1,1,2,7,3,2,1,0,0,image,2,many,relative,2,2,0,0,2,2,2,neutral,4,6,3,7,3,2,1,2.0,
지난번 여행에서 체험한 액티비티 사진 보여줘,17.3384,29,25,7,3.57,1,0,0,7.0,imperative,past,0,0,0,2,0.8,personal_media,travel,0,1,1,2,7,3,2,1,0,0,image,2,many,relative,2,2,0,0,2,2,2,neutral,4,6,3,7,3,2,1,2.0,
내 여권 사진 찾아줘,18.3003,11,9,3,3.0,1,0,0,3.0,imperative,past,0,0,0,1,0.7,identity,personal_media,0,0,1,2,9,2,1,0,0,0,image,2,single,none,0,0,0,0,4,5,4,neutral,5,7,5,4,1,1,0,1.0,
주말에 찍은 반려동물 사진 찾아줘,13.2361,21,18,6,3.0,1,0,0,6.0,imperative,past,0,0,0,2,0.8,personal_media,none,0,1,1,2,7,2,2,1,0,0,image,2,many,relative,2,2,0,0,2,2,2,neutral,3,5,3,6,3,2,1,1.0,
가족이랑 찍은 사진 찾아줘,26.9289,16,13,4,3.25,1,0,0,4.0,imperative,past,0,0,0,2,0.8,personal_media,social,0,0,1,2,7,2,2,1,0,0,image,2,many,none,0,0,0,0,2,3,3,neutral,4,5,3,6,3,2,1,1.0,
친구들과 함께 찍은 사진 찾아줘,26.0997,18,15,5,3.0,1,0,0,5.0,imperative,past,0,0,0,2,0.8,personal_media,social,0,0,1,2,7,2,2,1,0,0,image,2,many,none,0,0,0,0,2,3,3,neutral,4,5,3,6,3,2,1,1.0,
봄에 갔던 골프장 어디였지?,20.9377,17,15,5,3.0,1,1,0,5.0,interrogative,past,1,0,0,2,0.8,location,leisure,0,1,1,3,7,3,2,1,0,0,location,2,single,relative,1,1,0,1,3,3,3,curious,4,6,4,4,2,2,1,2.0,
여름에 갔던 산 어디였지?,13.8776,15,13,5,2.6,1,1,0,5.0,interrogative,past,1,0,0,2,0.8,location,leisure,0,1,1,3,7,3,2,1,0,0,location,2,single,relative,1,1,0,1,3,3,3,curious,4,6,4,4,2,2,1,2.0,
주말에 갔던 라이딩 코스 어디였지?,18.0121,21,18,6,3.0,1,1,0,6.0,interrogative,past,1,0,0,2,0.8,location,leisure,0,1,1,3,7,3,2,1,0,0,location,2,single,relative,2,2,0,1,3,3,3,curious,4,6,4,4,2,2,1,2.0,
가을에 갔던 공원 어디였지?,25.1263,17,15,5,3.0,1,1,0,5.0,interrogative,past,1,0,0,2,0.8,location,leisure,0,1,1,3,7,3,2,1,0,0,location,2,single,relative,1,1,0,1,3,3,3,curious,4,6,4,4,2,2,1,2.0,
4월 1일에 결제했던 5만원 어디에 쓴 거지?,23.3784,26,22,8,2.75,1,1,3,8.0,interrogative,past,1,0,0,2,0.8,finance,none,0,1,1,2,9,3,2,1,0,0,transaction,2,single,absolute,3,2,0,0,4,5,5,curious,5,8,5,3,2,3,2,2.0,
4월 1일에 결제했던 5만원 어디서 쓴 거지?,18.792,26,22,8,2.75,1,1,3,8.0,interrogative,past,1,0,0,2,0.8,finance,location,0,1,1,2,9,3,2,1,0,0,transaction,2,single,absolute,3,2,0,0,4,5,5,curious,5,8,5,3,2,3,2,2.0,
4월 1일에 결제했던 5만원 무슨 카드로 쓴 거지?,17.2943,30,26,9,2.89,1,1,3,9.0,interrogative,past,1,0,0,2,0.8,finance,none,0,1,1,2,9,3,2,1,0,0,transaction,2,single,absolute,3,2,0,0,4,5,5,curious,5,8,6,3,2,3,2,2.0,
4월 1일에 결제했던 5만원 언제 쓴 거지?,18.6919,26,22,8,2.75,1,1,3,8.0,interrogative,past,1,0,0,2,0.8,finance,none,0,1,1,2,9,3,2,1,0,0,transaction,2,single,absolute,3,2,0,0,4,5,5,curious,5,8,5,3,2,3,2,2.0,
어제 반복해서 들은 노래의 제목과 가수명이 뭐지?,15.7563,29,25,8,3.12,1,1,0,8.0,interrogative,past,1,0,0,2,0.8,music,memory_recall,0,1,1,3,8,3,2,1,0,1,music,2,single,relative,3,3,0,0,3,3,3,curious,5,8,6,4,2,2,1,2.0,
어제 점심 때 들은 노래의 제목과 가수명이 뭐지?,14.6793,31,27,9,3.0,1,1,0,9.0,interrogative,past,1,0,0,2,0.8,music,memory_recall,0,1,1,3,8,3,2,1,0,1,music,2,single,relative,3,3,0,0,3,3,3,curious,5,8,6,4,2,2,1,2.0,
어제 저녁에 들은 노래의 제목과 가수명이 뭐지?,14.0305,31,27,9,3.0,1,1,0,9.0,interrogative,past,1,0,0,2,0.8,music,memory_recall,0,1,1,3,8,3,2,1,0,1,music,2,single,relative,3,3,0,0,3,3,3,curious,5,8,6,4,2,2,1,2.0,
어제 운동하면서 들은 노래의 제목과 가수명이 뭐지?,14.3753,33,29,9,3.22,1,1,0,9.0,interrogative,past,1,0,0,2,0.8,music,memory_recall,0,1,1,3,8,3,2,1,0,1,music,2,single,relative,3,3,0,0,3,3,3,curious,5,8,6,4,2,2,1,2.0,
내일 지원이랑 어디서 만나기로 했지?,15.6107,23,20,7,2.86,1,1,0,7.0,interrogative,future,1,0,0,2,0.8,events,social,1,1,1,3,8,2,2,0,0,0,text_note,2,single,relative,3,3,0,0,4,4,4,planning,5,7,5,3,1,1,0,2.0,
내일 지원이랑 언제 만나기로 했지?,11.9332,23,20,7,2.86,1,1,0,7.0,interrogative,future,1,0,0,2,0.8,events,social,1,1,1,3,8,2,2,0,0,0,text_note,2,single,relative,3,3,0,0,4,4,4,planning,5,7,5,3,1,1,0,2.0,
내일 지원이랑 몇 시에 만나기로 했지?,16.2685,25,22,8,2.75,1,1,0,8.0,interrogative,future,1,0,0,2,0.8,events,social,1,1,1,3,9,2,2,0,0,0,text_note,2,single,relative,3,3,0,0,4,4,5,planning,5,8,6,3,1,1,0,2.0,
내일 지원이랑 무엇 때문에 만나기로 했지?,11.54,27,24,8,3.0,1,1,0,8.0,interrogative,future,1,0,0,2,0.8,events,social,1,1,1,3,8,2,2,0,0,0,text_note,2,single,relative,3,3,0,0,4,4,4,planning,5,7,5,3,1,1,0,2.0,
작년 겨울에 구매한 패딩을 어느 사이트에서 샀었지?,25.1216,30,26,9,2.89,1,1,0,9.0,interrogative,past,1,0,0,2,0.8,shopping,online,0,1,1,2,8,3,2,1,0,0,transaction,2,single,relative,1,1,0,0,3,3,4,curious,4,7,6,3,2,2,1,2.0,
작년 겨울에 구매한 패딩을 어느 앱에서 샀었지?,23.5528,29,25,9,2.78,1,1,0,9.0,interrogative,past,1,0,0,2,0.8,shopping,online,0,1,1,2,8,3,2,1,0,0,transaction,2,single,relative,1,1,0,0,3,3,4,curious,4,7,6,3,2,2,1,2.0,
작년 겨울에 구매한 패딩을 어느 오프라인 매장에서 샀었지?,23.6779,34,31,8,3.88,1,1,1,3.88,question,past,0,0,0,2,0.8,shopping,location,0,1,2,3,8,3,1,1,0,0,1,2,1,absolute,2,0,0,1,1,2,2,neutral,3,6,3,8,4,3,2,2.0,
작년 겨울에 구매한 패딩을 어느 백화점에서 샀었지?,19.8546,33,30,7,4.29,1,1,1,4.29,question,past,0,0,0,2,0.8,shopping,location,0,1,2,3,8,3,1,1,0,0,1,2,1,absolute,2,0,0,1,1,2,2,neutral,3,6,3,8,4,3,2,2.0,
오늘 미팅 장소와 시간은 어디지?,14.0835,20,18,5,3.6,1,1,1,3.6,question,present,0,0,0,1,0.8,schedule,time_location,0,1,2,3,7,2,1,1,0,0,1,2,1,absolute,3,3,0,1,3,3,3,neutral,4,6,3,7,3,2,1,2.0,
오늘 약속 장소와 시간은 어디지?,6.7843,20,18,5,3.6,1,1,1,3.6,question,present,0,0,0,1,0.8,schedule,time_location,0,1,2,3,7,2,1,1,0,0,1,2,1,absolute,3,3,0,1,3,3,3,neutral,4,6,3,7,3,2,1,2.0,
오늘 세미나 장소와 시간은 어디지?,20.0484,21,19,5,3.8,1,1,1,3.8,question,present,0,0,0,1,0.8,schedule,time_location,0,1,2,3,7,2,1,1,0,0,1,2,1,absolute,3,3,0,1,3,3,3,neutral,4,6,3,7,3,2,1,2.0,
오늘 회의 장소와 시간은 어디지?,11.4985,20,18,5,3.6,1,1,1,3.6,question,present,0,0,0,1,0.8,schedule,time_location,0,1,2,3,7,2,1,1,0,0,1,2,1,absolute,3,3,0,1,3,3,3,neutral,4,6,3,7,3,2,1,2.0,
작년 결혼기념일 때 갔던 레스토랑 어디였지?,13.2869,25,23,6,3.83,1,1,1,3.83,question,past,0,0,0,2,0.8,social,food_dining,0,1,1,3,8,3,1,1,0,0,1,2,1,absolute,2,0,0,1,2,2,2,neutral,4,6,3,7,3,2,1,2.0,
뉴욕 여행 때 갔던 브런치 집 어디였지?,15.9983,23,21,6,3.5,1,1,1,3.5,question,past,0,0,0,2,0.8,leisure_travel,food_dining,0,0,2,3,8,3,1,1,0,0,1,2,1,none,0,0,0,1,2,2,2,neutral,4,6,3,7,3,2,1,2.0,
부모님 생신 때 갔던 호텔 어디였지?,14.627,22,20,6,3.33,1,1,1,3.33,question,past,0,0,0,2,0.8,social,leisure_travel,1,0,1,3,8,3,1,1,0,0,1,2,1,none,0,0,0,1,2,2,2,neutral,4,6,3,7,3,2,1,2.0,
친구 결혼식 때 갔던 식장 어디였지?,21.6479,23,21,6,3.5,1,1,1,3.5,question,past,0,0,0,2,0.8,social,event,1,0,1,3,8,3,1,1,0,0,1,2,1,none,0,0,0,1,3,3,3,neutral,4,6,3,7,3,2,1,2.0,
성훈이랑 최근에 언제 만났더라?,14.5831,21,19,5,3.8,1,1,1,3.8,question,past,0,0,0,1,0.8,social,time,1,1,0,3,7,3,1,1,0,0,1,2,1,relative,3,2,0,0,2,2,2,neutral,4,5,3,6,3,2,1,2.0,
성훈이랑 최근에 어디서 만났더라?,17.0392,22,20,5,4.0,1,1,1,4.0,question,past,0,0,0,1,0.8,social,location,1,1,0,3,7,3,1,1,0,0,1,2,1,relative,3,2,0,1,2,2,2,neutral,4,5,3,6,3,2,1,2.0,
성훈이랑 최근에 몇 시에 만났더라?,18.6927,23,21,6,3.5,1,1,1,3.5,question,past,0,0,0,1,0.8,social,time,1,1,0,3,7,3,1,1,0,0,1,2,1,relative,3,2,0,0,2,2,2,neutral,4,5,3,6,3,2,1,2.0,
성훈이랑 최근에 무엇 때문에 만났더라?,22.4367,25,23,6,3.83,1,1,1,3.83,question,past,0,0,0,1,0.8,social,reason,1,1,0,4,7,4,1,1,0,0,1,2,1,relative,3,2,0,0,2,2,2,neutral,5,5,3,6,3,2,1,2.0,
지난달에 운동 몇 번이나 했지?,12.7229,20,18,5,3.6,1,1,1,3.6,question,past,0,0,0,1,0.8,health_fitness,exercise,0,1,1,3,6,2,1,1,1,0,1,2,3,absolute,2,1,0,0,1,1,1,neutral,4,4,7,8,3,2,1,2.0,
지난달에 걷기 몇 번이나 했지?,20.8216,20,18,5,3.6,1,1,1,3.6,question,past,0,0,0,1,0.8,health_fitness,exercise,0,1,1,3,6,2,1,1,1,0,1,2,3,absolute,2,1,0,0,1,1,1,neutral,4,4,7,8,3,2,1,2.0,
지난달에 요가 몇 번이나 했지?,15.467,19,17,5,3.4,1,1,1,3.4,question,past,0,0,0,1,0.8,health_fitness,exercise,0,1,1,3,6,2,1,1,1,0,1,2,3,absolute,2,1,0,0,1,1,1,neutral,4,4,7,8,3,2,1,2.0,
지난달에 수영 몇 번이나 했지?,9.3088,19,17,5,3.4,1,1,1,3.4,question,past,0,0,0,1,0.8,health_fitness,exercise,0,1,1,3,6,2,1,1,1,0,1,2,3,absolute,2,1,0,0,1,1,1,neutral,4,4,7,8,3,2,1,2.0,
지난달에 쿠팡에서 총 얼마나 썼지?,21.5989,22,20,5,4.0,1,1,1,4.0,question,past,0,0,0,1,0.8,finance_spending,shopping,0,1,1,3,7,3,1,1,1,0,1,2,3,absolute,2,1,0,0,1,1,2,neutral,5,4,8,9,3,2,2,2.0,
지난달에 이마트에서 총 얼마나 썼지?,12.7241,23,21,5,4.2,1,1,1,4.2,question,past,0,0,0,1,0.8,finance_spending,shopping,0,1,1,3,7,3,1,1,1,0,1,2,3,absolute,2,1,0,0,1,1,2,neutral,5,4,8,9,3,2,2,2.0,
지난달에 전통시장에서 총 얼마나 썼지?,23.353,25,23,5,4.6,1,1,1,4.6,question,past,0,0,0,1,0.8,finance_spending,shopping,0,1,1,3,7,3,1,1,1,0,1,2,3,absolute,2,1,0,0,1,1,2,neutral,5,4,8,9,3,2,2,2.0,
지난달에 편의점에서 총 얼마나 썼지?,25.8917,24,22,5,4.4,1,1,1,4.4,question,past,0,0,0,1,0.8,finance_spending,shopping,0,1,1,3,7,3,1,1,1,0,1,2,3,absolute,2,1,0,0,1,1,2,neutral,5,4,8,9,3,2,2,2.0,
지난달에 유튜브를 총 몇 시간 재생했지?,17.2496,26,24,6,4.0,1,1,1,4.0,question,past,0,0,0,1,0.8,media_usage,video,0,1,1,3,7,3,1,1,1,0,1,2,3,absolute,2,1,0,0,1,1,2,neutral,5,4,8,9,3,2,2,2.0,
지난달에 넷플릭스를 총 몇 시간 재생했지?,22.1453,27,25,6,4.17,1,1,1,4.17,question,past,0,0,0,1,0.8,media_usage,video,0,1,1,3,7,3,1,1,1,0,1,2,3,absolute,2,1,0,0,1,1,2,neutral,5,4,8,9,3,2,2,2.0,
지난달에 케이팝 플레이리스트를 총 몇 시간 재생했지?,26.7749,33,31,7,4.43,1,1,1,4.43,question,past,0,0,0,1,0.8,media_usage,music,0,1,1,3,7,3,1,1,1,0,1,2,3,absolute,2,1,0,0,1,1,2,neutral,5,4,8,9,3,2,2,2.0,
지난달에 팟캐스트를 총 몇 시간 재생했지?,24.7164,27,25,6,4.17,1,1,1,4.17,question,past,0,0,0,1,0.8,media_usage,audio,0,1,1,3,7,3,1,1,1,0,1,2,3,absolute,2,1,0,0,1,1,2,neutral,5,4,8,9,3,2,2,2.0,
지난해에 약속이 몇 번이나 있었지?,33.8893,23,21,6,3.5,1,1,1,3.5,question,past,0,0,0,1,0.8,social,event,0,1,1,3,6,3,1,1,1,0,1,2,3,absolute,1,0,0,0,1,1,1,neutral,5,3,8,9,3,2,1,2.0,
지난해에 모임이 몇 번이나 있었지?,28.1026,23,21,6,3.5,1,1,1,3.5,question,past,0,0,0,1,0.8,social,event,0,1,1,3,6,3,1,1,1,0,1,2,3,absolute,1,0,0,0,1,1,1,neutral,5,3,8,9,3,2,1,2.0,
지난해에 회식이 몇 번이나 있었지?,20.4603,23,21,6,3.5,1,1,1,3.5,question,past,0,0,0,1,0.8,social,event,0,1,1,3,6,3,1,1,1,0,1,2,3,absolute,1,0,0,0,1,1,1,neutral,5,3,8,9,3,2,1,2.0,
지난해에 여행이 몇 번이나 있었지?,13.163,23,21,6,3.5,1,1,1,3.5,question,past,0,0,0,1,0.8,leisure_travel,event,0,1,1,3,6,3,1,1,1,0,1,2,3,absolute,1,0,0,0,1,1,1,neutral,5,3,8,9,3,2,1,2.0,
올해 상반기에 옷을 몇 번이나 샀지?,19.9251,24,22,6,3.67,1,1,1,3.67,question,past,0,0,0,1,0.8,shopping,consumption,0,1,1,3,6,3,1,1,1,0,1,2,3,absolute,1,0,0,0,1,1,1,neutral,5,3,8,9,3,2,1,2.0,
올해 상반기에 신발을 몇 번이나 샀지?,20.4428,25,23,6,3.83,1,1,1,3.83,question,past,0,0,0,1,0.8,shopping,consumption,0,1,1,3,6,3,1,1,1,0,1,2,3,absolute,1,0,0,0,1,1,1,neutral,5,3,8,9,3,2,1,2.0,
올해 상반기에 생필품을 몇 번이나 샀지?,28.4905,27,25,6,4.17,1,1,1,4.17,question,past,0,0,0,1,0.8,shopping,consumption,0,1,1,3,6,3,1,1,1,0,1,2,3,absolute,1,0,0,0,1,1,1,neutral,5,3,8,9,3,2,1,2.0,
올해 상반기에 화장품을 몇 번이나 샀지?,17.8084,27,25,6,4.17,1,1,1,4.17,question,past,0,0,0,1,0.8,shopping,consumption,0,1,1,3,6,3,1,1,1,0,1,2,3,absolute,1,0,0,0,1,1,1,neutral,5,3,8,9,3,2,1,2.0,
지난주에 영어 회화를 몇 시간 했지?,18.2183,24,22,6,3.67,1,1,1,3.67,question,past,0,0,0,1,0.8,health_fitness,learning,0,1,1,3,6,2,1,1,1,0,1,2,3,absolute,3,1,0,0,1,1,1,neutral,4,4,7,8,3,2,1,2.0,
지난주에 자격증 공부를 몇 시간 했지?,18.8426,27,25,6,4.17,1,1,1,4.17,question,past,0,0,0,1,0.8,health_fitness,learning,0,1,1,3,6,2,1,1,1,0,1,2,3,absolute,3,1,0,0,1,1,1,neutral,4,4,7,8,3,2,1,2.0,
지난주에 독서를 몇 시간 했지?,16.7158,22,20,5,4.0,1,1,1,4.0,question,past,0,0,0,1,0.8,health_fitness,leisure,0,1,1,3,6,2,1,1,1,0,1,2,3,absolute,3,1,0,0,1,1,1,neutral,4,4,7,8,3,2,1,2.0,
지난주에 오프라인 합주를 몇 시간 했지?,21.5635,28,26,6,4.33,1,1,1,4.33,question,past,0,0,0,1,0.8,health_fitness,music,0,1,1,3,6,2,1,1,1,0,1,2,3,absolute,3,1,0,0,1,1,1,neutral,4,4,7,8,3,2,1,2.0,
올해 캠핑을 몇 번이나 갔지?,15.08,22,20,6,3.33,1,1,1,3.33,question,past,0,0,0,1,0.8,leisure_travel,activity,0,1,1,3,6,3,1,1,1,0,1,2,3,absolute,1,0,0,0,1,1,1,neutral,5,3,8,9,3,2,1,2.0,
올해 나들이를 몇 번이나 갔지?,26.4506,22,20,6,3.33,1,1,1,3.33,question,past,0,0,0,1,0.8,leisure_travel,activity,0,1,1,3,6,3,1,1,1,0,1,2,3,absolute,1,0,0,0,1,1,1,neutral,5,3,8,9,3,2,1,2.0,
올해 산책을 몇 번이나 갔지?,14.2559,22,20,6,3.33,1,1,1,3.33,question,past,0,0,0,1,0.8,health_fitness,activity,0,1,1,3,6,3,1,1,1,0,1,2,3,absolute,1,0,0,0,1,1,1,neutral,5,3,8,9,3,2,1,2.0,
올해 여행을 몇 번이나 갔지?,16.9997,22,20,6,3.33,1,1,1,3.33,question,past,0,0,0,1,0.8,leisure_travel,activity,0,1,1,3,6,3,1,1,1,0,1,2,3,absolute,1,0,0,0,1,1,1,neutral,5,3,8,9,3,2,1,2.0,
이번 달에 배달 음식을 몇 번 먹었지?,12.1014,25,23,6,3.83,1,1,1,3.83,question,past,0,0,0,1,0.8,food_dining,consumption,0,1,1,3,6,2,1,1,1,0,1,2,3,absolute,3,1,0,0,1,1,1,neutral,4,4,7,8,3,2,1,2.0,
이번 달에 외식을 몇 번 먹었지?,25.2473,23,21,6,3.5,1,1,1,3.5,question,past,0,0,0,1,0.8,food_dining,consumption,0,1,1,3,6,2,1,1,1,0,1,2,3,absolute,3,1,0,0,1,1,1,neutral,4,4,7,8,3,2,1,2.0,
이번 달에 카페를 몇 번 먹었지?,17.5864,23,21,6,3.5,1,1,1,3.5,question,past,0,0,0,1,0.8,food_dining,consumption,0,1,1,3,6,2,1,1,1,0,1,2,3,absolute,3,1,0,0,1,1,1,neutral,4,4,7,8,3,2,1,2.0,
이번 달에 편의점에서 몇 번 먹었지?,20.9935,26,24,6,4.0,1,1,1,4.0,question,past,0,0,0,1,0.8,food_dining,consumption,0,1,1,3,6,2,1,1,1,0,1,2,3,absolute,3,1,0,0,1,1,1,neutral,4,4,7,8,3,2,1,2.0,
지난달과 비교했을 때 이번 달 운동량이 얼마나 늘었지?,23.8735,33,30,8,3.75,1,1,1,3.75,question,past,0,0,1,2,0.8,health_fitness,exercise,0,2,1,4,7,4,2,1,1,0,1,2,3,absolute,3,1,0,0,2,2,2,neutral,6,5,8,9,3,2,3,3.0,
지난달과 비교했을 때 이번 달 걸음 수가 얼마나 늘었지?,12.2085,35,32,8,4.0,1,1,1,4.0,question,past,0,0,1,2,0.8,health_fitness,exercise,0,2,1,4,7,4,2,1,1,0,1,2,3,absolute,3,1,0,0,2,2,2,neutral,6,5,8,9,3,2,3,3.0,
지난달과 비교했을 때 이번 달 칼로리 소모가 얼마나 늘었지?,14.8955,38,35,8,4.38,1,1,1,4.38,question,past,0,0,1,2,0.8,health_fitness,exercise,0,2,1,4,7,4,2,1,1,0,1,2,3,absolute,3,1,0,0,2,2,2,neutral,6,5,8,9,3,2,3,3.0,
지난달과 비교했을 때 이번 달 활동 시간이 얼마나 늘었지?,24.6488,38,35,8,4.38,1,1,1,4.38,question,past,0,0,1,2,0.8,health_fitness,exercise,0,2,1,4,7,4,2,1,1,0,1,2,3,absolute,3,1,0,0,2,2,2,neutral,6,5,8,9,3,2,3,3.0,
작년과 비교했을 때 올해 카드 결제액이 얼마나 늘었지?,25.3443,34,31,8,3.875,1,1,0,31.0,interrogative,past,0,0,1,2,0.8,finance,none,0,2,1,2,8,2,2,1,1,0,1,2,1,relative,2,1,0,0,2,3,3,neutral,3,7,3,8,4,3,2,3.0,
작년과 비교했을 때 올해 여가 비용이 얼마나 늘었지?,20.8705,34,31,8,3.875,1,1,0,31.0,interrogative,past,0,0,1,2,0.8,lifestyle,finance,0,2,1,2,8,2,2,1,1,0,1,2,1,relative,2,1,0,0,2,2,2,neutral,3,7,3,8,4,3,2,3.0,
작년과 비교했을 때 올해 고정 지출이 얼마나 늘었지?,23.7459,35,32,8,4.0,1,1,0,32.0,interrogative,past,0,0,1,2,0.8,finance,none,0,2,1,2,8,2,2,1,1,0,1,2,1,relative,2,1,0,0,2,3,3,neutral,3,7,3,8,4,3,2,3.0,
작년과 비교했을 때 올해 생활비가 얼마나 늘었지?,24.2751,35,32,8,4.0,1,1,0,32.0,interrogative,past,0,0,1,2,0.8,finance,lifestyle,0,2,1,2,8,2,2,1,1,0,1,2,1,relative,2,1,0,0,2,3,3,neutral,3,7,3,8,4,3,2,3.0,
올해 가장 많이 들었던 음악 순서대로 알려줘,25.2008,26,24,7,3.429,1,0,0,24.0,imperative,present,0,0,0,2,0.7,media,none,0,1,1,3,7,2,2,1,1,1,1,2,2,relative,2,1,0,0,1,1,2,neutral,3,6,2,7,3,2,1,3.0,
올해 가장 많이 시청했던 유튜브 채널 순서대로 알려줘,20.1194,32,29,8,3.625,1,0,0,29.0,imperative,present,0,0,0,2,0.7,media,online,0,1,2,3,7,2,2,1,1,1,1,2,2,relative,2,1,0,0,1,1,2,neutral,3,7,2,7,3,2,1,3.0,
올해 가장 많이 플레이한 게임 순서대로 알려줘,33.9973,29,26,7,3.714,1,0,0,26.0,imperative,present,0,0,0,2,0.7,media,gaming,0,1,1,3,7,2,2,1,1,1,1,2,2,relative,2,1,0,0,1,1,2,neutral,3,7,2,7,3,2,1,3.0,
올해 가장 많이 본 드라마 순서대로 알려줘,12.8249,27,24,7,3.429,1,0,0,24.0,imperative,present,0,0,0,2,0.7,media,none,0,1,1,3,7,2,2,1,1,1,1,2,2,relative,2,1,0,0,1,1,2,neutral,3,6,2,7,3,2,1,3.0,
지난달에 성진이랑 통화한 횟수 이번달과 비교해줘,19.2887,32,29,8,3.625,1,0,0,29.0,imperative,past,0,0,1,2,0.8,communication,none,1,2,1,2,8,2,2,1,1,0,1,2,1,relative,2,1,0,0,2,2,2,neutral,3,7,3,7,3,2,2,3.0,
지난달에 성진이랑 메시지 교환 횟수 이번달과 비교해줘,21.6109,36,33,8,4.125,1,0,0,33.0,imperative,past,0,0,1,2,0.8,communication,none,1,2,1,2,8,2,2,1,1,0,1,2,1,relative,2,1,0,0,2,2,2,neutral,3,7,3,7,3,2,2,3.0,
지난달에 성진이랑 만난 횟수 이번달과 비교해줘,20.2698,32,29,8,3.625,1,0,0,29.0,imperative,past,0,0,1,2,0.8,lifestyle,communication,1,2,1,2,8,2,2,1,1,0,1,2,1,relative,2,1,0,0,2,2,2,neutral,3,7,3,7,3,2,2,3.0,
지난달에 성진이랑 영상통화 횟수 이번달과 비교해줘,14.0343,35,32,8,4.0,1,0,0,32.0,imperative,past,0,0,1,2,0.8,communication,media,1,2,1,2,8,2,2,1,1,0,1,2,1,relative,2,1,0,0,2,2,2,neutral,3,7,3,7,3,2,2,3.0,
온라인 쇼핑과 오프라인 쇼핑 결제 금액 비교해줘,32.1986,30,27,7,3.857,1,0,0,27.0,imperative,present,0,0,0,2,0.8,finance,shopping,0,0,2,2,7,3,2,1,1,0,1,2,1,relative,1,1,0,0,2,2,2,neutral,3,7,3,7,3,2,2,3.0,
카드 결제와 현금 결제 금액 비교해줘,26.7424,24,21,6,3.5,1,0,0,21.0,imperative,present,0,0,0,2,0.8,finance,none,0,0,2,2,7,3,2,1,1,0,1,2,1,relative,1,1,0,0,2,2,2,neutral,3,6,3,6,3,2,2,3.0,
이번 달과 지난달 결제 금액 비교해줘,21.2016,25,22,7,3.143,1,0,0,22.0,imperative,past,0,0,1,2,0.8,finance,none,0,2,1,2,8,2,2,1,1,0,1,2,1,relative,2,1,0,0,2,3,3,neutral,3,7,3,6,3,2,2,3.0,
평일과 주말 결제 금액 비교해줘,30.0478,22,19,6,3.167,1,0,0,19.0,imperative,present,0,0,0,2,0.8,finance,lifestyle,0,0,1,2,7,3,2,1,1,0,1,2,1,relative,1,1,0,0,2,2,2,neutral,3,6,3,6,3,2,2,3.0,
이번 달이랑 지난달 근무 시간을 비교해줘,31.5749,27,24,7,3.429,1,0,0,24.0,imperative,past,0,0,1,2,0.8,productivity,work,0,2,1,2,8,2,2,1,1,0,1,2,1,relative,2,1,0,0,2,3,3,neutral,3,7,3,6,3,2,2,3.0,
이번 달이랑 지난달 회의 시간을 비교해줘,17.9169,27,24,7,3.429,1,0,0,24.0,imperative,past,0,0,1,2,0.8,productivity,work,0,2,1,2,8,2,2,1,1,0,1,2,1,relative,2,1,0,0,2,3,3,neutral,3,7,3,6,3,2,2,3.0,
이번 달이랑 지난달 학습 시간을 비교해줘,21.2882,27,24,7,3.429,1,0,0,24.0,imperative,past,0,0,1,2,0.8,productivity,education,0,2,1,2,8,2,2,1,1,0,1,2,1,relative,2,1,0,0,2,3,3,neutral,3,7,3,6,3,2,2,3.0,
이번 달이랑 지난달 작업 시간을 비교해줘,21.7818,27,24,7,3.429,1,0,0,24.0,imperative,past,0,0,1,2,0.8,productivity,work,0,2,1,2,8,2,2,1,1,0,1,2,1,relative,2,1,0,0,2,3,3,neutral,3,7,3,6,3,2,2,3.0,
여행 갔을 때 평소보다 평균 걸음 수가 얼마나 늘었지?,17.8381,34,31,9,3.444,1,1,0,31.0,interrogative,past,0,0,1,2,0.8,health,lifestyle,0,1,1,2,7,3,2,1,1,0,1,2,1,relative,2,1,0,1,2,2,2,neutral,3,7,3,7,3,2,2,3.0,
여행 갔을 때 평소보다 활동량이 얼마나 늘었지?,27.7023,31,28,8,3.5,1,1,0,28.0,interrogative,past,0,0,1,2,0.8,health,lifestyle,0,1,1,2,7,3,2,1,1,0,1,2,1,relative,2,1,0,1,2,2,2,neutral,3,7,3,7,3,2,2,3.0,
여행 갔을 때 평소보다 이동 거리가 얼마나 늘었지?,22.2324,34,31,9,3.444,1,1,0,31.0,interrogative,past,0,0,1,2,0.8,health,lifestyle,0,1,1,2,7,3,2,1,1,0,1,2,1,relative,2,1,0,1,2,2,2,neutral,3,7,3,7,3,2,2,3.0,
여행 갔을 때 평소보다 칼로리 소모가 얼마나 늘었지?,29.7746,36,33,9,3.667,1,1,0,33.0,interrogative,past,0,0,1,2,0.8,health,lifestyle,0,1,1,2,7,3,2,1,1,0,1,2,1,relative,2,1,0,1,2,2,2,neutral,3,7,3,7,3,2,2,3.0,
지난달에 집에서 보낸 시간과 밖에서 보낸 시간 비교해줘,36.7562,37,34,10,3.4,1,0,0,34.0,imperative,past,0,0,0,3,0.8,lifestyle,none,0,1,2,2,8,3,2,1,1,0,1,2,1,relative,2,1,0,1,2,2,2,neutral,3,8,3,7,3,2,2,3.0,
지난달에 근무 시간과 여가 시간 비교해줘,21.8848,27,24,7,3.429,1,0,0,24.0,imperative,past,0,0,0,2,0.8,productivity,lifestyle,0,1,2,2,7,3,2,1,1,0,1,2,1,relative,2,1,0,0,2,3,3,neutral,3,7,3,6,3,2,2,3.0,
지난달과 이번달 취미생활하는데 쓴 시간 비교해줘,27.537,32,29,8,3.625,1,0,0,29.0,imperative,past,0,0,1,2,0.8,lifestyle,none,0,2,1,2,8,3,2,1,1,0,1,2,1,relative,2,1,0,0,2,2,2,neutral,3,7,3,6,3,2,2,3.0,
지난달과 이번달에 가장 많이 먹은 음식 비교해줘,36.4351,32,29,8,3.625,1,0,0,29.0,imperative,past,0,0,1,2,0.8,lifestyle,food,0,2,1,2,8,3,2,1,1,0,1,2,1,relative,2,1,0,0,2,2,2,neutral,3,7,3,6,3,2,2,3.0,
이번 주 요일 별 칼로리 소모량을 순서대로 알려줘,11.356,32,29,9,3.222,1,0,0,29.0,imperative,present,0,0,0,2,0.7,health,none,0,1,1,2,7,2,2,1,1,1,1,2,2,relative,2,1,0,0,1,2,2,neutral,3,7,3,7,3,2,1,3.0,
이번 주 날짜 별 칼로리 소모량을 순서대로 알려줘,20.8111,33,30,9,3.333,1,0,0,30.0,imperative,present,0,0,0,2,0.7,health,none,0,1,1,2,7,2,2,1,1,1,1,2,2,relative,2,1,0,0,1,2,2,neutral,3,7,3,7,3,2,1,3.0,
이번 주 시간 별 칼로리 소모량을 순서대로 알려줘,23.7308,32,29,9,3.222,1,0,0,29.0,imperative,present,0,0,0,2,0.7,health,none,0,1,1,2,7,2,2,1,1,1,1,2,2,relative,2,1,0,0,1,2,2,neutral,3,7,3,7,3,2,1,3.0,
이번 주 활동 별 칼로리 소모량을 순서대로 알려줘,32.4589,33,30,9,3.333,1,0,0,30.0,imperative,present,0,0,0,2,0.7,health,lifestyle,0,1,1,2,7,2,2,1,1,1,1,2,2,relative,2,1,0,0,1,2,2,neutral,3,7,3,7,3,2,1,3.0,
지난달 카드 결제 내역을 정리해서 가계부로 작성해줘,30.0569,33,30,9,3.333,1,0,0,30.0,imperative,past,0,0,0,2,0.7,finance,productivity,0,1,2,3,8,3,2,1,1,0,3,2,1,relative,2,1,0,0,2,3,3,neutral,4,7,4,6,3,3,2,4.0,
지난달 관리비 내역을 정리해서 가계부로 작성해줘,19.4243,32,29,8,3.625,1,0,0,29.0,imperative,past,0,0,0,2,0.7,finance,home,0,1,2,3,8,3,2,1,1,0,3,2,1,relative,2,1,0,0,2,3,3,neutral,4,7,4,6,3,3,2,4.0,
지난달 저축 금액 내역을 정리해서 가계부로 작성해줘,34.3083,34,31,8,3.875,1,0,0,31.0,imperative,past,0,0,0,2,0.7,finance,none,0,1,2,3,8,3,2,1,1,0,3,2,1,relative,2,1,0,0,2,3,3,neutral,4,7,4,6,3,3,2,4.0,
지난달 용돈 내역을 정리해서 가계부로 작성해줘,26.1903,33,30,8,3.75,1,0,0,30.0,imperative,past,0,0,0,2,0.7,finance,none,0,1,2,3,8,3,2,1,1,0,3,2,1,relative,2,1,0,0,2,3,3,neutral,4,7,4,6,3,3,2,4.0,
작년 이맘때쯤 자주 들었던 음악 리스트 만들어줘,18.1467,30,27,8,3.375,1,0,0,27.0,imperative,past,0,0,0,2,0.7,media,none,0,1,1,3,7,2,1,1,0,1,2,2,relative,1,0,0,0,1,1,2,neutral,3,6,2,7,3,2,1,3,,
작년 이맘때쯤 자주 시청한 영상 리스트 만들어줘,32.5002,32,29,8,3.625,1,0,0,29.0,imperative,past,0,0,0,2,0.7,media,online,0,1,1,3,7,2,1,1,0,1,2,2,relative,1,0,0,0,1,1,2,neutral,3,6,2,7,3,2,1,3,,
작년 이맘때쯤 자주 플레이한 게임 리스트 만들어줘,17.6907,33,30,8,3.75,1,0,0,30.0,imperative,past,0,0,0,2,0.7,media,gaming,0,1,1,3,7,2,1,1,0,1,2,2,relative,1,0,0,0,1,1,2,neutral,3,6,2,7,3,2,1,3,,
작년 이맘때쯤 자주 읽은 책 리스트 만들어줘,20.6366,31,28,8,3.5,1,0,0,28.0,imperative,past,0,0,0,2,0.7,media,education,0,1,1,3,7,2,1,1,0,1,2,2,relative,1,0,0,0,1,1,2,neutral,3,6,2,7,3,2,1,3,,
어제 친구들과 단체 메신저 방에서 나눈 대화 내용을 요약해줘,21.3406,39,36,10,3.6,1,0,0,36.0,imperative,past,0,0,0,3,0.8,communication,social,0,1,1,4,8,3,2,1,1,0,3,2,1,relative,3,2,0,0,2,3,3,neutral,4,8,4,7,3,3,2,4.0,
어제 가족들과 단체 메신저 방에서 나눈 대화 내용을 요약해줘,18.0877,39,36,10,3.6,1,0,0,36.0,imperative,past,0,0,0,3,0.8,communication,social,0,1,1,4,8,3,2,1,1,0,3,2,1,relative,3,2,0,0,2,3,3,neutral,4,8,4,7,3,3,2,4.0,
어제 팀원들과 단체 메신저 방에서 나눈 대화 내용을 요약해줘,24.9038,39,36,10,3.6,1,0,0,36.0,imperative,past,0,0,0,3,0.8,communication,work,0,1,1,4,8,3,2,1,1,0,3,2,1,relative,3,2,0,0,2,3,3,neutral,4,8,4,7,3,3,2,4.0,
어제 동료들과 단체 메신저 방에서 나눈 대화 내용을 요약해줘,21.806,39,36,10,3.6,1,0,0,36.0,imperative,past,0,0,0,3,0.8,communication,work,0,1,1,4,8,3,2,1,1,0,3,2,1,relative,3,2,0,0,2,3,3,neutral,4,8,4,7,3,3,2,4.0,
이번주 마트에서 사야하는 물건 찍어둔 것 다 모아서 쇼핑리스트 만들어줘,22.965,45,40,11,3.636,1,0,0,40.0,imperative,present,0,0,0,3,0.8,shopping,productivity,0,1,1,3,7,3,2,1,1,0,3,2,1,relative,2,1,0,1,2,2,2,neutral,4,8,4,7,3,3,2,4.0,
이번주 다이소에서 사야하는 물건 찍어둔 것 다 모아서 쇼핑리스트 만들어줘,35.0526,47,42,11,3.818,1,0,0,42.0,imperative,present,0,0,0,3,0.8,shopping,productivity,0,1,1,3,7,3,2,1,1,0,3,2,1,relative,2,1,0,1,2,2,2,neutral,4,8,4,7,3,3,2,4.0,
이번주 올리브영에서 사야하는 물건 찍어둔 것 다 모아서 쇼핑리스트 만들어줘,21.6875,49,44,11,4.0,1,0,0,44.0,imperative,present,0,0,0,3,0.8,shopping,productivity,0,1,1,3,7,3,2,1,1,0,3,2,1,relative,2,1,0,1,2,2,2,neutral,4,8,4,7,3,3,2,4.0,
이번주 편의점에서 사야하는 물건 찍어둔 것 다 모아서 쇼핑리스트 만들어줘,21.0415,49,44,11,4.0,1,0,0,44.0,imperative,present,0,0,0,3,0.8,shopping,productivity,0,1,1,3,7,3,2,1,1,0,3,2,1,relative,2,1,0,1,2,2,2,neutral,4,8,4,7,3,3,2,4.0,
지난달에 정리한 강의노트를 한 장으로 요약 정리해줘,26.5597,33,30,9,3.333,1,0,0,30.0,imperative,past,0,0,0,2,0.7,education,productivity,0,1,1,4,8,2,2,1,1,0,3,2,1,relative,2,1,0,0,2,3,3,neutral,4,7,4,7,3,3,2,4.0,
지난달에 작성한 업무노트를 한 장으로 요약 정리해줘,32.4549,33,30,9,3.333,1,0,0,30.0,imperative,past,0,0,0,2,0.7,productivity,work,0,1,1,4,8,2,2,1,1,0,3,2,1,relative,2,1,0,0,2,3,3,neutral,4,7,4,7,3,3,2,4.0,
지난달에 녹음한 회의록을 한 장으로 요약 정리해줘,46.0703,28,24,7,3.43,1,0,0,7.0,interrogative,past,0,0,0,2,0.8,media_summary,work,0,1,1,6,7,3,2,1,1,0,1,1,1,absolute,2,1,0,0,1,2,3,planning,7,7,2,7,8,2,2,2.0,
지난달에 촬영한 메모를 한 장으로 요약 정리해줘,40.983,27,23,7,3.29,1,0,0,7.0,interrogative,past,0,0,0,2,0.8,media_summary,work,0,1,1,6,7,3,2,1,1,0,1,1,1,absolute,2,1,0,0,1,2,3,planning,7,7,2,7,8,2,2,2.0,
스페인 여행에서 내가 갔던 곳 모두 정리해서 알려줘,27.994,30,26,8,3.25,1,0,0,8.0,interrogative,past,0,0,0,2,0.9,travel,none,1,1,1,4,6,4,2,1,1,0,1,1,2,absolute,2,1,0,0,2,2,3,planning,6,5,3,8,7,2,1,2.0,
여름휴가 동안 내가 갔던 곳 모두 정리해서 알려줘,23.1966,29,25,8,3.12,1,0,0,8.0,interrogative,past,0,0,0,2,0.9,travel,none,1,1,1,4,5,4,2,1,1,0,1,1,2,absolute,1,1,0,0,2,2,3,planning,6,5,3,8,7,2,1,2.0,
지난 주말에 내가 갔던 곳 모두 정리해서 알려줘,19.0671,27,23,8,2.88,1,0,0,8.0,interrogative,past,0,0,0,2,0.9,travel,none,1,1,1,4,6,3,2,1,1,0,1,1,2,absolute,3,2,0,0,3,2,3,planning,6,5,3,8,7,2,1,2.0,
가족 여행으로 내가 갔던 곳 모두 정리해서 알려줘,48.7953,28,24,8,3.0,1,0,0,8.0,interrogative,past,0,0,0,2,0.9,travel,family,1,0,1,4,5,3,2,1,1,0,1,1,2,none,0,0,0,0,2,2,3,planning,6,5,3,8,7,2,1,2.0,
가족 단체 사진만 모두 모아서 영상으로 만들어줘,81.7913,28,24,8,3.0,1,0,0,8.0,interrogative,past,0,0,0,2,0.8,media_video,family,1,0,1,3,6,3,2,1,1,0,2,2,2,none,0,0,0,0,1,2,3,neutral,7,6,3,8,8,3,2,2.0,
반려동물 사진만 모두 모아서 영상으로 만들어줘,50.5136,27,23,8,2.88,1,0,0,8.0,interrogative,past,0,0,0,2,0.8,media_video,pet,1,0,1,3,6,3,2,1,1,0,2,2,2,none,0,0,0,0,1,2,3,neutral,7,6,3,8,8,3,2,2.0,
내 증명 사진만 모두 모아서 영상으로 만들어줘,66.8085,25,21,7,3.0,1,0,0,7.0,interrogative,past,0,0,0,2,0.8,media_video,none,1,0,1,3,7,3,2,1,1,0,2,2,2,none,0,0,0,0,1,2,3,neutral,7,6,3,8,8,3,2,2.0,
친구들과 사진만 모두 모아서 영상으로 만들어줘,91.1981,27,23,8,2.88,1,0,0,8.0,interrogative,past,0,0,0,2,0.8,media_video,friends,1,0,1,3,6,3,2,1,1,0,2,2,2,none,0,0,0,0,1,2,3,neutral,7,6,3,8,8,3,2,2.0,
만보 정도 걸을 수 있는 한강 산책 코스 추천해줘,14.7629,29,25,8,3.12,1,0,0,8.0,interrogative,future,1,0,0,2,0.9,fitness,location,0,0,1,3,7,3,2,1,0,1,1,2,2,none,0,0,0,1,2,3,2,planning,6,5,6,5,6,2,1,2.0,
만보 정도 걸을 수 있는 동네 산책 코스 추천해줘,14.4268,29,25,8,3.12,1,0,0,8.0,interrogative,future,1,0,0,2,0.9,fitness,location,0,0,1,3,7,3,2,1,0,1,1,2,2,none,0,0,0,1,2,3,2,planning,6,5,6,5,6,2,1,2.0,
만보 정도 걸을 수 있는 공원 산책로 추천해줘,18.6808,29,25,8,3.12,1,0,0,8.0,interrogative,future,1,0,0,2,0.9,fitness,location,0,0,1,3,7,3,2,1,0,1,1,2,2,none,0,0,0,1,2,3,2,planning,6,5,6,5,6,2,1,2.0,
만보 정도 걸을 수 있는 해변 산책로 추천해줘,17.9301,29,25,8,3.12,1,0,0,8.0,interrogative,future,1,0,0,2,0.9,fitness,location,0,0,1,3,7,3,2,1,0,1,1,2,2,none,0,0,0,1,2,3,2,planning,6,5,6,5,6,2,1,2.0,
10만원 정도 가격대로 갈 만한 집 근처 술집 찾아줘,14.7395,32,27,9,3.0,1,0,0,9.0,interrogative,future,0,0,0,2,0.8,food_drink,finance,0,0,1,3,8,3,2,1,0,1,1,2,2,relative,2,2,0,1,3,3,3,planning,7,6,8,4,7,2,1,2.0,
10만원 정도 가격대로 갈 만한 집 근처 식당 찾아줘,24.9278,32,27,9,3.0,1,0,0,9.0,interrogative,future,0,0,0,2,0.8,food_drink,finance,0,0,1,3,8,3,2,1,0,1,1,2,2,relative,2,2,0,1,3,3,3,planning,7,6,8,4,7,2,1,2.0,
10만원 정도 가격대로 갈 만한 집 근처 카페 찾아줘,16.5807,31,26,9,2.89,1,0,0,9.0,interrogative,future,0,0,0,2,0.8,food_drink,finance,0,0,1,3,8,3,2,1,0,1,1,2,2,relative,2,2,0,1,3,3,3,planning,7,6,8,4,7,2,1,2.0,
10만원 정도 가격대로 갈 만한 집 근처 펜션 찾아줘,24.5787,32,27,9,3.0,1,0,0,9.0,interrogative,future,0,0,0,2,0.8,travel,finance,0,0,1,3,8,3,2,1,0,1,1,2,2,relative,2,2,0,1,3,3,3,planning,7,6,8,4,7,2,1,2.0,
블랙핑크 '뛰어' 랑 비슷한 느낌의 노래 추천해줘,12.4405,32,26,9,2.89,1,2,2,9.0,interrogative,none,0,0,0,2,0.8,media_music,entertainment,1,0,1,6,6,6,2,0,0,1,1,2,2,none,0,0,0,0,2,2,3,neutral,6,5,5,4,6,2,1,3.0,
영화 '귀멸의 칼날: 무한성 편'이랑 비슷한 느낌의 영화 추천해줘,12.1376,40,32,10,3.2,1,4,4,10.0,interrogative,none,0,0,0,2,0.8,media_movie,entertainment,1,0,1,6,6,6,2,0,0,1,1,2,2,none,0,0,0,0,2,2,3,neutral,6,5,5,4,6,2,1,3.0,
드라마 '오징어게임'이랑 비슷한 느낌의 드라마 추천해줘,26.245,34,28,9,3.11,1,2,2,9.0,interrogative,none,0,0,0,2,0.8,media_tv,entertainment,1,0,1,6,6,6,2,0,0,1,1,2,2,none,0,0,0,0,2,2,3,neutral,6,5,5,4,6,2,1,3.0,
책 '스토너'랑 비슷한 느낌의 책 추천해줘,24.9037,28,22,8,2.75,1,2,2,8.0,interrogative,none,0,0,0,2,0.8,media_book,entertainment,1,0,1,6,6,6,2,0,0,1,1,2,2,none,0,0,0,0,2,2,3,neutral,6,5,5,4,6,2,1,3.0,
지난번 두산이가 말했던 식당이랑 비슷한 곳 찾아줘,26.4361,30,26,9,2.89,1,0,0,9.0,interrogative,past,0,0,0,2,0.8,food_drink,friends,1,1,1,5,5,7,2,0,0,1,1,2,2,absolute,2,1,0,0,2,3,3,planning,6,4,6,4,6,2,2,3.0,
지난번 두산이가 말했던 카페랑 비슷한 곳 찾아줘,24.0292,29,25,9,2.78,1,0,0,9.0,interrogative,past,0,0,0,2,0.8,food_drink,friends,1,1,1,5,5,7,2,0,0,1,1,2,2,absolute,2,1,0,0,2,3,3,planning,6,4,6,4,6,2,2,3.0,
지난번 두산이가 말했던 나들이 장소랑 비슷한 곳 찾아줘,19.9965,33,29,10,2.9,1,0,0,10.0,interrogative,past,0,0,0,2,0.8,travel,friends,1,1,1,5,5,7,2,0,0,1,1,2,2,absolute,2,1,0,0,2,3,3,planning,6,4,6,4,6,2,2,3.0,
지난번 두산이가 말했던 여행지랑 비슷한 곳 찾아줘,21.7256,31,27,9,3.0,1,0,0,9.0,interrogative,past,0,0,0,2,0.8,travel,friends,1,1,1,5,5,7,2,0,0,1,1,2,2,absolute,2,1,0,0,2,3,3,planning,6,4,6,4,6,2,2,3.0,
이 사진에 있는 신발이랑 비슷한 디자인 찾아줘,21.4302,27,23,8,2.88,1,0,0,8.0,interrogative,past,0,0,0,2,0.8,shopping,none,0,0,1,3,7,6,2,1,0,1,1,2,2,none,0,0,0,0,2,2,3,neutral,6,5,7,4,7,3,2,3.0,
이 사진에 있는 티셔츠랑 비슷한 디자인 찾아줘,23.3894,28,24,8,3.0,1,0,0,8.0,interrogative,past,0,0,0,2,0.8,shopping,none,0,0,1,3,7,6,2,1,0,1,1,2,2,none,0,0,0,0,2,2,3,neutral,6,5,7,4,7,3,2,3.0,
이 사진에 있는 가구랑 비슷한 디자인 찾아줘,9.9031,27,23,8,2.88,1,0,0,8.0,interrogative,past,0,0,0,2,0.8,shopping,home,0,0,1,3,7,6,2,1,0,1,1,2,2,none,0,0,0,0,2,2,3,neutral,6,5,7,4,7,3,2,3.0,
이 사진에 있는 액세서리랑 비슷한 디자인 찾아줘,34.4119,30,26,9,2.89,1,0,0,9.0,interrogative,past,0,0,0,2,0.8,shopping,none,0,0,1,3,7,6,2,1,0,1,1,2,2,none,0,0,0,0,2,2,3,neutral,6,5,7,4,7,3,2,3.0,
이 노트에 있는 내용과 관련된 유튜브 찾아줘,32.3092,27,23,8,2.88,1,0,0,8.0,interrogative,past,0,0,0,2,0.9,media_search,work,0,0,1,6,6,5,2,1,0,1,1,2,2,none,0,0,0,0,2,2,3,planning,7,4,7,6,7,3,2,3.0,
이 논문에 있는 내용과 관련된 강의 영상 찾아줘,39.9892,30,26,9,2.89,1,0,0,9.0,interrogative,past,0,0,0,2,0.9,media_search,education,0,0,1,7,7,5,2,1,0,1,1,2,2,none,0,0,0,0,2,2,3,planning,8,4,8,6,7,3,2,3.0,
이 회의록에 있는 내용과 관련된 뉴스 찾아줘,19.6215,27,23,8,2.88,1,0,0,8.0,interrogative,past,0,0,0,2,0.9,media_search,work,0,0,1,6,6,5,2,1,0,1,1,2,2,none,0,0,0,0,2,2,3,planning,7,4,7,6,7,3,2,3.0,
이 메모에 있는 내용과 관련된 자료 찾아줘,24.0666,26,22,8,2.75,1,0,0,8.0,interrogative,past,0,0,0,2,0.9,media_search,work,0,0,1,6,6,5,2,1,0,1,1,2,2,none,0,0,0,0,2,2,3,planning,7,4,7,6,7,3,2,3.0,
지난달에 갔던 캠핑장과 비슷한 곳 찾아줘,27.9766,27,23,8,2.88,1,0,0,8.0,interrogative,past,0,0,0,2,0.8,travel,none,0,1,1,4,6,5,2,0,0,1,1,2,2,absolute,2,1,0,0,2,3,3,planning,6,4,6,4,6,2,2,3.0,
지난달에 갔던 공원과 비슷한 곳 찾아줘,18.1948,26,22,8,2.75,1,0,0,8.0,interrogative,past,0,0,0,2,0.8,travel,none,0,1,1,4,6,5,2,0,0,1,1,2,2,absolute,2,1,0,0,2,3,3,planning,6,4,6,4,6,2,2,3.0,
지난달에 갔던 수목원과 비슷한 곳 찾아줘,17.8119,27,23,8,2.88,1,0,0,8.0,interrogative,past,0,0,0,2,0.8,travel,none,0,1,1,4,6,5,2,0,0,1,1,2,2,absolute,2,1,0,0,2,3,3,planning,6,4,6,4,6,2,2,3.0,
지난달에 갔던 나들이 장소와 비슷한 곳 찾아줘,37.8376,31,27,9,3.0,1,0,0,9.0,interrogative,past,0,0,0,2,0.8,travel,none,0,1,1,4,6,5,2,0,0,1,1,2,2,absolute,2,1,0,0,2,3,3,planning,6,4,6,4,6,2,2,3.0,
사진에 있는 이런 가방을 구경해 볼 수 있는 곳 찾아줘,18.7553,32,28,9,3.11,1,0,0,9.0,interrogative,past,1,0,0,2,0.9,shopping,none,0,0,1,4,7,6,2,1,0,1,1,2,2,none,0,0,0,0,2,2,3,neutral,6,5,7,4,7,3,2,3.0,
사진에 있는 이런 소파를 구경해 볼 수 있는 곳 찾아줘,20.5872,32,28,9,3.11,1,0,0,9.0,interrogative,past,1,0,0,2,0.9,shopping,home,0,0,1,4,7,6,2,1,0,1,1,2,2,none,0,0,0,0,2,2,3,neutral,6,5,7,4,7,3,2,3.0,
사진에 있는 이런 식탁을 구경해 볼 수 있는 곳 찾아줘,32.2836,33,29,9,3.22,1,0,0,9.0,interrogative,past,1,0,0,2,0.9,shopping,home,0,0,1,4,7,6,2,1,0,1,1,2,2,none,0,0,0,0,2,2,3,neutral,6,5,7,4,7,3,2,3.0,
사진에 있는 이런 인테리어 장식을 구경해 볼 수 있는 곳 찾아줘,19.7669,38,34,10,3.4,1,0,0,10.0,interrogative,past,1,0,0,2,0.9,shopping,home,0,0,1,4,7,6,2,1,0,1,1,2,2,none,0,0,0,0,2,2,3,neutral,6,5,7,4,7,3,2,3.0,
오늘 목표 걸음수를 채울 수 있는 코스 추천해줘,22.0324,28,24,8,3.0,1,0,0,8.0,interrogative,present,1,0,0,2,0.9,fitness,none,0,1,1,4,7,3,2,1,0,1,1,2,2,relative,3,3,1,1,3,3,3,planning,7,5,7,5,7,2,2,2.0,
지금 근처에서 할 수 있는 운동 추천해줘,13.1321,23,19,7,2.71,1,0,0,7.0,interrogative,present,1,0,0,2,0.9,fitness,location,0,1,0,3,7,3,2,1,0,1,1,2,2,relative,3,3,1,1,3,3,3,planning,7,5,7,4,7,2,2,2.0,
오늘 목표 칼로리를 달성 할 수 있는 운동 추천해줘,10.5821,30,26,9,2.89,1,0,0,9.0,interrogative,present,1,0,0,2,0.9,fitness,health,0,1,0,4,7,3,2,1,0,1,1,2,2,relative,3,3,1,1,3,3,3,planning,8,5,8,4,7,2,2,2.0,
오늘같은 날씨에 하면 좋을 운동 추천해줘,12.9894,26,22,8,2.75,1,0,0,8.0,interrogative,present,0,0,0,2,0.9,fitness,weather,0,1,0,4,6,4,2,0,0,1,1,2,2,relative,2,2,1,0,2,2,2,neutral,6,4,6,4,6,2,1,2.0,
지금 여기 아울렛에서 할인되는 카드 추천해줘,15.8561,27,23,8,2.88,1,0,0,8.0,interrogative,present,0,0,0,2,0.9,finance,shopping,0,1,1,3,7,3,2,1,0,1,1,2,2,relative,3,3,1,1,3,3,3,planning,8,5,8,4,7,2,2,2.0,
지금 여기 백화점에서 할인되는 카드 추천해줘,17.9164,28,24,8,3.0,1,0,0,8.0,interrogative,present,0,0,0,2,0.9,finance,shopping,0,1,1,3,7,3,2,1,0,1,1,2,2,relative,3,3,1,1,3,3,3,planning,8,5,8,4,7,2,2,2.0,
지금 여기 식당에서 할인되는 카드 추천해줘,17.2717,28,24,8,3.0,1,0,0,8.0,interrogative,present,0,0,0,2,0.9,finance,food_drink,0,1,1,3,7,3,2,1,0,1,1,2,2,relative,3,3,1,1,3,3,3,planning,8,5,8,4,7,2,2,2.0,
지금 여기 카페에서 할인되는 카드 추천해줘,14.4256,27,23,8,2.88,1,0,0,8.0,interrogative,present,0,0,0,2,0.9,finance,food_drink,0,1,1,3,7,3,2,1,0,1,1,2,2,relative,3,3,1,1,3,3,3,planning,8,5,8,4,7,2,2,2.0,
출퇴근 시간에 볼 만한 영상 추천해줘,18.0612,20,18,5,3.6,1,0,0,18.0,interrogative,present,1,0,0,2,0.9,media,none,0,1,1,5,4,6,2,1,0,0,1,1,2,relative,2,1,0,0,2,1,2,planning,3,5,2,5,3,3,1,2.0,
공부할 때에 들으면 좋은 노래 추천해줘,14.1756,22,20,6,3.3,1,0,0,20.0,interrogative,present,1,0,1,2,0.9,media,education,0,0,1,6,4,5,2,1,0,0,1,0,2,none,0,0,0,0,2,1,2,planning,3,5,2,5,3,2,1,2.0,
운동 중에 즐길 만한 콘텐츠 추천해줘,17.051,20,18,5,3.6,1,0,0,18.0,interrogative,present,1,0,0,2,0.9,media,health,0,0,1,6,4,6,2,1,0,0,1,0,2,none,0,0,0,0,2,1,2,planning,3,5,2,5,3,2,1,2.0,
휴식 시간에 읽기 좋은 책 추천해줘,12.775,20,18,5,3.6,1,0,0,18.0,interrogative,present,1,0,0,2,0.9,media,none,0,1,1,5,4,5,2,1,0,0,1,0,2,relative,2,0,0,0,1,1,1,planning,3,4,2,4,2,2,1,2.0,
지금 대화 중인 친구들과 갈 만한 식당 찾아줘,18.7958,26,24,7,3.4,1,0,0,24.0,interrogative,present,1,0,0,2,0.9,food,social,1,0,1,4,6,5,2,1,0,0,1,2,2,relative,2,1,1,0,4,3,4,planning,4,6,3,6,3,3,2,3.0,
지금 대화 중인 친구들과 갈 만한 카페 찾아줘,19.255,26,24,7,3.4,1,0,0,24.0,interrogative,present,1,0,0,2,0.9,food,social,1,0,1,4,6,5,2,1,0,0,1,2,2,relative,2,1,1,0,4,3,4,planning,4,6,3,6,3,3,2,3.0,
지금 대화 중인 친구들과 갈 만한 펍 찾아줘,22.1998,24,22,7,3.1,1,0,0,22.0,interrogative,present,1,0,0,2,0.9,food,social,1,0,1,4,6,5,2,1,0,0,1,2,2,relative,2,1,1,0,4,3,4,planning,4,6,3,6,3,3,2,3.0,
지금 대화 중인 친구들과 갈 만한 노래방 찾아줘,12.8402,26,24,7,3.4,1,0,0,24.0,interrogative,present,1,0,0,2,0.9,media,social,1,0,1,4,6,5,2,1,0,0,1,2,2,relative,2,1,1,0,3,2,3,planning,3,5,3,5,3,3,2,3.0,
지금 내가 갖고 있는 멤버십 중에 여기 백화점에서 할인되는 멤버십 찾아줘,25.0356,40,36,11,3.3,1,0,0,36.0,interrogative,present,1,0,0,3,0.8,shopping,discount,1,0,2,5,9,5,3,1,1,1,1,2,2,relative,2,2,1,1,4,4,4,cost_sensitive,5,8,4,7,3,3,3,4.0,
지금 내가 갖고 있는 쿠폰 중에 여기 마트에서 할인되는 쿠폰 찾아줘,18.4119,38,34,11,3.1,1,0,0,34.0,interrogative,present,1,0,0,3,0.8,shopping,discount,1,0,2,5,9,5,3,1,1,1,1,2,2,relative,2,2,1,1,4,4,4,cost_sensitive,5,8,4,7,3,3,3,4.0,
지금 내가 갖고 있는 카드 중에 여기 아울렛에서 할인되는 카드 찾아줘,28.7196,38,34,11,3.1,1,0,0,34.0,interrogative,present,1,0,0,3,0.8,finance,discount,1,0,2,5,9,5,3,1,1,1,1,2,2,relative,2,2,1,1,4,4,4,cost_sensitive,5,8,4,7,3,3,3,4.0,
지금 내가 갖고 있는 카드 중에 여기 온라인쇼핑몰에서 할인되는 카드 찾아줘,19.6738,42,38,11,3.5,1,1,1,38.0,interrogative,present,1,0,0,3,0.8,finance,discount,1,0,2,5,9,5,3,1,1,1,1,2,2,relative,2,2,1,1,4,4,4,cost_sensitive,5,8,4,7,4,3,3,4.0,
지금 30분 정도 여유 시간에 볼만한 도서 추천해줘,10.3147,30,27,9,3.0,1,0,0,27.0,interrogative,present,1,0,0,2,0.9,media,none,0,1,1,5,6,6,2,1,0,0,1,1,2,absolute,3,1,1,0,2,1,2,planning,3,6,3,5,3,2,1,2.0,
지금 30분 정도 여유 시간에 볼만한 한국사 강의 추천해줘,17.7394,34,31,10,3.1,1,0,0,31.0,interrogative,present,1,0,0,2,0.9,education,media,0,1,1,6,7,6,2,1,0,0,1,1,2,absolute,3,1,1,0,2,1,2,planning,3,6,3,5,3,2,1,3.0,
지금 30분 정도 여유 시간에 볼만한 자기 계발 영상 추천해줘,15.1364,34,31,10,3.1,1,0,0,31.0,interrogative,present,1,0,0,2,0.9,media,self_help,0,1,1,7,7,6,2,1,0,0,1,1,2,absolute,3,1,1,0,2,1,2,planning,3,6,3,5,3,2,1,3.0,
지금 30분 정도 여유 시간에 볼만한 다큐멘터리 추천해줘,18.6942,32,29,9,3.2,1,0,0,29.0,interrogative,present,1,0,0,2,0.9,media,none,0,1,1,6,6,6,2,1,0,0,1,1,2,absolute,3,1,1,0,2,1,2,planning,3,6,3,5,3,2,1,3.0,
현재 위치에서 걸어서 갈 수 있는 맛집 리스트 보여줘,18.3592,30,27,9,3.0,1,0,0,27.0,interrogative,present,1,0,0,2,0.9,food,location,0,0,1,4,7,4,2,1,0,1,2,2,3,relative,2,2,1,1,4,3,4,planning,4,7,3,7,3,3,2,3.0,
현재 위치에서 걸어서 갈 수 있는 카페 리스트 보여줘,18.4366,30,27,9,3.0,1,0,0,27.0,interrogative,present,1,0,0,2,0.9,food,location,0,0,1,4,7,4,2,1,0,1,2,2,3,relative,2,2,1,1,4,3,4,planning,4,7,3,7,3,3,2,3.0,
현재 위치에서 걸어서 갈 수 있는 가볼만한 곳 리스트 보여줘,23.8414,32,29,9,3.2,1,0,0,29.0,interrogative,present,1,0,0,2,0.9,location,media,0,0,1,5,6,6,2,1,0,1,2,2,3,relative,2,2,1,1,4,3,4,planning,4,7,3,7,3,3,2,3.0,
현재 위치에서 걸어서 갈 수 있는 오프라인 쇼핑몰 리스트 보여줘,17.871,34,31,10,3.1,1,0,0,31.0,interrogative,present,1,0,0,2,0.9,shopping,location,0,0,1,5,7,5,2,1,0,1,2,2,3,relative,2,2,1,1,4,3,4,planning,4,7,3,7,3,3,2,3.0,
오늘 날씨에 적합한 패션 스타일 추천해줘,10.6296,24,22,7,3.1,1,0,0,22.0,interrogative,present,1,0,0,2,0.9,fashion,weather,0,1,1,5,6,5,2,1,0,0,1,1,2,absolute,2,2,1,0,3,2,3,planning,4,6,3,4,2,2,1,3.0,
오늘 출장지에 적합한 패션 스타일 추천해줘,22.7296,26,24,8,3.0,1,0,0,24.0,interrogative,present,1,0,0,2,0.9,fashion,travel,0,1,1,5,7,5,2,1,0,0,1,1,2,absolute,2,2,1,1,4,3,4,planning,4,6,3,4,2,2,1,3.0,
오늘 저녁 약속에 적합한 패션 스타일 추천해줘,19.0553,28,26,8,3.3,1,0,0,26.0,interrogative,present,1,0,0,2,0.9,fashion,social,0,1,1,5,7,5,2,1,0,0,1,1,2,absolute,2,2,1,0,4,3,4,planning,4,6,3,4,2,2,1,3.0,
이번 주말에 뭐 입으면 좋을지 추천해줘,17.5808,22,20,7,2.9,1,0,0,20.0,interrogative,present,1,0,1,2,0.9,fashion,none,0,1,0,4,5,6,2,0,0,0,1,0,2,relative,1,1,0,0,3,2,3,planning,3,5,2,4,2,1,1,2.0,
내가 자주 먹는 음식을 분석해서 늦은 밤에 먹기 좋은 건강식 추천해줘,26.025,38,34,12,2.8,1,0,0,34.0,interrogative,present,1,0,0,3,0.8,food,health,1,1,1,6,8,5,3,1,1,0,1,1,2,relative,2,1,0,0,3,3,3,planning,4,8,4,5,3,3,2,4.0,
내가 자주 먹는 음식을 분석해서 아침에 먹기 좋은 간편식 추천해줘,13.3468,38,34,12,2.8,1,0,0,34.0,interrogative,present,1,0,0,3,0.8,food,health,1,1,1,6,8,5,3,1,1,0,1,1,2,relative,2,1,0,0,3,3,3,planning,4,8,4,5,3,3,2,4.0,
내가 자주 먹는 음식을 분석해서 운동 후 먹기 좋은 음식 추천해줘,12.6053,38,34,12,2.8,1,0,0,34.0,interrogative,present,1,0,0,3,0.8,food,health,1,1,1,6,8,5,3,1,1,0,1,1,2,relative,2,1,0,0,3,3,3,planning,4,8,4,5,3,3,2,4.0,
내가 자주 먹는 음식을 분석해서 다이어트할 때 먹기 좋은 음식 추천해줘,28.1394,42,38,13,2.9,1,0,0,38.0,interrogative,present,1,0,1,3,0.8,food,health,1,1,1,7,9,5,3,1,1,0,1,1,2,relative,2,1,0,0,3,3,3,planning,4,8,4,5,3,3,2,4.0,
커피값 많이 쓰는 나한테 맞는 원두 구독 서비스 추천해줄래?,24.8223,34,30,11,2.7,1,1,0,30.0,interrogative,present,1,0,0,2,0.9,shopping,subscription,1,0,1,6,7,5,2,1,0,0,1,0,2,none,0,0,0,0,3,3,3,cost_sensitive,4,7,3,4,3,2,1,3.0,
영화 많이 보는 나한테 맞는 OTT 구독 서비스 추천해줄래?,15.5363,34,30,11,2.7,1,1,0,30.0,interrogative,present,1,0,0,2,0.9,media,subscription,1,0,1,6,7,5,2,1,0,0,1,0,2,none,0,0,0,0,3,2,3,planning,4,7,3,4,3,2,1,3.0,
트렌디한 영상 자주 보는 나한테 맞는 SNS/커뮤니티 서비스 추천해줄래?,26.3098,42,36,13,2.8,1,2,1,36.0,interrogative,present,1,0,0,3,0.9,social,subscription,1,0,1,7,7,6,2,1,0,0,1,0,2,none,0,0,0,0,3,3,3,planning,4,8,3,4,4,2,1,3.0,
음악 많이 듣는 나한테 맞는 음악 스트리밍 구독 서비스 추천해줄래?,18.4527,42,38,13,2.9,1,1,0,38.0,interrogative,present,1,0,0,3,0.9,media,subscription,1,0,1,6,7,5,2,1,0,0,1,0,2,none,0,0,0,0,3,2,3,planning,4,7,3,4,3,2,1,3.0,
내가 평소 듣는 콘텐츠 기준으로 재밌는 팟캐스트 추천해줘,27.8044,34,30,11,2.7,1,0,0,30.0,interrogative,present,1,0,0,3,0.8,media,personalization,1,0,1,6,7,5,3,1,1,0,1,1,2,none,0,0,0,0,3,2,3,planning,4,8,3,4,3,3,2,4.0,
내가 평소 보는 콘텐츠 기준으로 볼 만한 유튜브 채널 추천해줘,23.3731,38,34,12,2.8,1,0,0,34.0,interrogative,present,1,0,0,3,0.8,media,personalization,1,0,1,6,7,5,3,1,1,0,1,1,2,none,0,0,0,0,3,2,3,planning,4,8,3,4,3,3,2,4.0,
내가 평소 듣는 콘텐츠 기준으로 새로운 음악 추천해줘,15.7212,34,30,11,2.7,1,0,0,30.0,interrogative,present,1,0,0,3,0.8,media,personalization,1,0,1,6,7,5,3,1,1,0,1,1,2,none,0,0,0,0,3,2,3,planning,4,8,3,4,3,3,2,4.0,
내가 평소 듣는 콘텐츠 기준으로 들을 만한 라디오 추천해줘,21.2035,38,34,12,2.8,1,0,0,34.0,interrogative,present,1,0,0,3,0.8,media,personalization,1,0,1,6,7,5,3,1,1,0,1,1,2,none,0,0,0,0,3,2,3,planning,4,8,3,4,3,3,2,4.0,
재희랑 했던 대화를 분석해서 재희가 좋아할 만한 생일 선물 추천해줘,37.2681,40,36,13,2.8,1,0,0,36.0,interrogative,present,1,0,0,3,0.8,shopping,gift,1,1,1,7,8,5,3,1,1,0,1,1,2,relative,1,0,0,0,3,4,3,planning,5,8,4,4,3,3,2,4.0,
재희랑 했던 대화를 분석해서 재희가 좋아할 만한 기념일 선물 추천해줘,29.7371,42,38,13,2.9,1,0,0,38.0,interrogative,present,1,0,0,3,0.8,shopping,gift,1,1,1,7,8,5,3,1,1,0,1,1,2,relative,1,0,0,0,3,4,3,planning,5,8,4,4,3,3,2,4.0,
재희랑 했던 대화를 분석해서 재희가 좋아할 만한 크리스마스 선물 추천해줘,31.2297,44,40,14,2.9,1,0,0,40.0,interrogative,present,1,0,0,3,0.8,shopping,gift,1,1,1,7,8,5,3,1,1,0,1,1,2,relative,1,0,0,0,3,4,3,planning,5,8,4,4,3,3,2,4.0,
재희랑 했던 대화를 분석해서 재희가 좋아할 만한 졸업 선물 추천해줘,41.8565,42,38,13,2.9,1,0,0,38.0,interrogative,present,1,0,0,3,0.8,shopping,gift,1,1,1,7,8,5,3,1,1,0,1,1,2,relative,1,0,0,0,3,4,3,planning,5,8,4,4,3,3,2,4.0,
내가 자주 사는 치약을 최저가로 구매할 수 있는 곳 알려줘,20.2837,34,30,11,2.7,1,0,0,30.0,interrogative,present,1,0,0,2,0.9,shopping,price,1,0,1,4,8,4,2,1,0,1,2,2,3,none,0,2,0,0,3,3,3,cost_sensitive,4,7,4,4,3,3,2,3.0,
내가 자주 사는 샴푸를 할인가로 구매할 수 있는 곳 알려줘,17.4653,36,32,12,2.7,1,0,0,32.0,interrogative,present,1,0,0,2,0.9,shopping,price,1,0,1,4,8,4,2,1,0,1,2,2,3,none,0,2,0,0,3,3,3,cost_sensitive,4,7,4,4,3,3,2,3.0,
내가 자주 사는 세제를 특가로 구매할 수 있는 곳 알려줘,23.5022,36,32,12,2.7,1,0,0,32.0,interrogative,present,1,0,0,2,0.9,shopping,price,1,0,1,4,8,4,2,1,0,1,2,2,3,none,0,2,0,0,3,3,3,cost_sensitive,4,7,4,4,3,3,2,3.0,
내가 자주 사는 화장지를 저렴한 가격으로 구매할 수 있는 곳 알려줘,22.2698,40,36,13,2.8,1,0,0,36.0,interrogative,present,1,0,0,2,0.9,shopping,price,1,0,1,4,8,4,2,1,0,1,2,2,3,none,0,2,0,0,3,3,3,cost_sensitive,4,7,4,4,3,3,2,3.0,
내가 자주 보는 콘텐츠 기준으로 볼만한 최신 뉴스 검색해줘,24.3256,36,32,12,2.7,1,0,0,32.0,interrogative,present,1,0,0,3,0.8,news,personalization,1,1,1,6,7,5,3,1,1,0,2,2,3,absolute,3,3,1,0,4,3,4,planning,4,8,4,7,4,3,2,4.0,
내가 자주 보는 콘텐츠 기준으로 볼만한 최신 트렌드 검색해줘,15.0165,38,34,12,2.8,1,0,0,34.0,interrogative,present,1,0,0,3,0.8,news,personalization,1,1,1,7,7,6,3,1,1,0,2,2,3,absolute,3,3,1,0,4,3,4,planning,4,8,4,7,4,3,2,4.0,
내가 자주 보는 콘텐츠 기준으로 볼만한 최신 잡지 검색해줘,27.3833,38,34,12,2.8,1,0,0,34.0,interrogative,present,1,0,0,3,0.8,media,personalization,1,1,1,6,7,5,3,1,1,0,2,2,3,absolute,3,3,1,0,4,3,4,planning,4,8,4,7,4,3,2,4.0,
내가 자주 보는 콘텐츠 기준으로 볼만한 최신 블로그 검색해줘,15.2104,38,34,12,2.8,1,0,0,34.0,interrogative,present,1,0,0,3,0.8,media,personalization,1,1,1,6,7,5,3,1,1,0,2,2,3,absolute,3,3,1,0,4,3,4,planning,4,8,4,7,4,3,2,4.0,
나연이랑 갈만한 점심 식당 추천해줘,14.9039,24,22,7,3.1,1,0,0,22.0,interrogative,present,1,0,0,2,0.9,food,social,1,1,1,4,6,5,2,1,0,0,1,0,2,relative,1,1,0,0,3,3,3,planning,4,6,3,4,3,2,1,3.0,
나연이랑 갈만한 점심 카페 추천해줘,20.0891,24,22,7,3.1,1,0,0,22.0,interrogative,present,1,0,0,2,0.9,food,social,1,1,1,4,6,5,2,1,0,0,1,0,2,relative,1,1,0,0,3,3,3,planning,4,6,3,4,3,2,1,3.0,
나연이랑 갈만한 점심 데이트 장소 추천해줘,36.2261,24,21,5,4.2,1,0,0,5.0,interrogative,present,0,0,0,2,0.8,social,food,1,0,2,3,5,2,2,1,0,1,1,0,2,relative,3,3,0,1,3,2,3,positive,3,5,3,6,4,3,1,2.0,
나연이랑 갈만한 점심 브런치 카페 추천해줘,20.0408,25,22,5,4.4,1,0,0,5.0,interrogative,present,0,0,0,2,0.8,food,social,1,0,3,3,6,2,2,1,0,1,1,0,3,relative,3,3,0,1,3,2,3,positive,3,6,4,6,4,3,1,2.0,
내 건강 데이터를 참고해서 오늘 식단을 추천해줘,28.2162,25,22,6,3.7,1,0,0,6.0,interrogative,present,0,0,0,2,0.8,health,food,1,1,2,4,6,2,2,1,1,1,1,2,2,relative,3,4,0,0,4,4,4,positive,4,7,4,7,3,4,2,3.0,
내 일정(캘린더)을 참고해서 오늘 점심 메뉴 추천해줘,18.7407,30,26,6,4.3,1,2,2,6.0,interrogative,present,0,0,0,2,0.8,productivity,food,1,1,3,3,6,2,2,1,1,1,1,2,2,relative,3,4,0,1,4,3,4,positive,3,7,4,6,3,4,2,3.0,
내 목표 칼로리와 운동량을 참고해서 오늘 식단을 추천해줘,20.401,33,29,8,3.6,1,0,0,8.0,interrogative,present,0,0,0,2,0.8,health,food,1,1,3,4,7,2,2,1,1,1,1,2,2,relative,3,4,0,0,4,4,4,positive,4,8,5,7,3,4,2,4.0,
내 수면 분석 데이터를 참고해서 오늘 식단을 추천해줘,21.7058,30,26,7,3.7,1,0,0,7.0,interrogative,present,0,0,0,2,0.8,health,food,1,1,3,4,6,2,2,1,1,1,1,2,2,relative,3,4,0,0,4,4,4,positive,4,8,5,7,3,4,2,4.0,
