queries,MAL,TXT_char_count,TXT_char_count_no_spaces,TXT_word_count,TXT_avg_word_length,TXT_sentence_count,TXT_punctuation_count,TXT_special_char_count,TXT_text_density,LING_query_type,LING_tense,LING_modality,LING_has_negation,LING_has_conditional,LING_clause_complexity,LING_verb_noun_ratio,SEM_domain_primary,SEM_domain_secondary,SEM_entity_count,SEM_entity_types,SEM_abstractness,SEM_specificity,SEM_ambiguity,TASK_operation_count,TASK_needs_filtering,TASK_needs_aggregation,TASK_needs_sorting,TASK_external_dependency,TASK_expected_result_count,TEMP_reference_type,TEMP_range_specificity,TEMP_recency_requirement,TEMP_realtime_need,INTENT_urgency_level,INTENT_consequence_severity,INTENT_task_priority,INTENT_emotional_tone,INFO_density_score,INFO_constraint_count,INFO_precision_requirement,INFO_recall_requirement,COMP_search_space_size,COMP_index_complexity,COMP_reasoning_depth,TASK_modality_types,INTENT_priority,TASK_multi_modal,INTENT_satisfaction_criticality,COMP_join_operations_needed
지난주에 찍은 골프 스윙 영상 보여줘,8.7393,34,30,10.0,3.4,1,1,0.0,0.2941,interrogative,past,none,0,0,1,1,video,none,1,none,4,2,1,1,0,single,absolute,5,1,0,2,2,neutral,0.8824,1,3.0,2,medium,1.0,1,0.0,none,0.0,0.0,0.0,0.0,0.0,0.0,0.0
지난주에 찍은 헬스 자세 영상 보여줘,18.18,34,30,10.0,3.4,1,1,0.0,0.2941,interrogative,past,none,0,0,1,1,video,none,1,none,4,2,1,1,0,single,absolute,5,1,0,2,2,neutral,0.8824,1,3.0,2,medium,1.0,1,0.0,none,0.0,0.0,0.0,0.0,0.0,0.0,0.0
지난주에 찍은 요가 동작 영상 보여줘,26.8976,34,30,10.0,3.4,1,1,0.0,0.2941,interrogative,past,none,0,0,1,1,video,none,1,none,4,2,1,1,0,single,absolute,5,1,0,2,2,neutral,0.8824,1,3.0,2,medium,1.0,1,0.0,none,0.0,0.0,0.0,0.0,0.0,0.0,0.0
지난주에 찍은 등산 영상 보여줘,7.4636,34,30,10.0,3.4,1,1,0.0,0.2941,interrogative,past,none,0,0,1,1,video,none,1,none,4,2,1,1,0,single,absolute,5,1,0,2,2,neutral,0.8824,1,3.0,2,medium,1.0,1,0.0,none,0.0,0.0,0.0,0.0,0.0,0.0,0.0
지난 주에 찍어둔 체크카드 사진 찾아줘,24.1513,36,32,10.0,3.6,1,1,0.0,0.2778,interrogative,past,none,0,0,1,1,photo,none,1,none,4,2,1,1,0,single,absolute,5,1,0,2,2,neutral,0.8889,1,3.0,2,medium,1.0,1,0.0,none,0.0,0.0,0.0,0.0,0.0,0.0,0.0
지난 주에 찍어둔 영수증 사진 찾아줘,11.1685,36,32,10.0,3.6,1,1,0.0,0.2778,interrogative,past,none,0,0,1,1,photo,none,1,none,4,2,1,1,0,single,absolute,5,1,0,2,2,neutral,0.8889,1,3.0,2,medium,1.0,1,0.0,none,0.0,0.0,0.0,0.0,0.0,0.0,0.0
지난 주에 찍어둔 계좌번호 사진 찾아줘,20.4332,36,32,10.0,3.6,1,1,0.0,0.2778,interrogative,past,none,0,0,1,1,photo,none,1,none,4,2,1,1,0,single,absolute,5,1,0,2,2,neutral,0.8889,1,3.0,2,medium,1.0,1,0.0,none,0.0,0.0,0.0,0.0,0.0,0.0,0.0
지난 주에 찍어둔 통장 사진 찾아줘,14.6009,36,32,10.0,3.6,1,1,0.0,0.2778,interrogative,past,none,0,0,1,1,photo,none,1,none,4,2,1,1,0,single,absolute,5,1,0,2,2,neutral,0.8889,1,3.0,2,medium,1.0,1,0.0,none,0.0,0.0,0.0,0.0,0.0,0.0,0.0
지난주에 소연이가 추천했던 유튜브 영상 콘텐츠 제목이 뭐였지?,15.2048,56,50,14.0,4.0,1,1,0.0,0.25,interrogative,past,none,0,0,1,1,video,none,1,none,4,2,1,1,0,single,absolute,5,1,0,2,2,neutral,0.8929,1,3.0,2,medium,1.0,1,0.0,none,0.0,0.0,0.0,0.0,0.0,0.0,0.0
지난주에 소연이가 추천했던 영화 콘텐츠 제목이 뭐였지?,12.904,50,44,12.0,4.2,1,1,0.0,0.24,interrogative,past,none,0,0,1,1,video,none,1,none,4,2,1,1,0,single,absolute,5,1,0,2,2,neutral,0.8833,1,3.0,2,medium,1.0,1,0.0,none,0.0,0.0,0.0,0.0,0.0,0.0,0.0
지난주에 소연이가 추천했던 드라마 콘텐츠 제목이 뭐였지?,18.0523,50,44,12.0,4.2,1,1,0.0,0.24,interrogative,past,none,0,0,1,1,video,none,1,none,4,2,1,1,0,single,absolute,5,1,0,2,2,neutral,0.8833,1,3.0,2,medium,1.0,1,0.0,none,0.0,0.0,0.0,0.0,0.0,0.0,0.0
지난주에 소연이가 추천했던 예능 콘텐츠 제목이 뭐였지?,31.1902,50,44,12.0,4.2,1,1,0.0,0.24,interrogative,past,none,0,0,1,1,video,none,1,none,4,2,1,1,0,single,absolute,5,1,0,2,2,neutral,0.8833,1,3.0,2,medium,1.0,1,0.0,none,0.0,0.0,0.0,0.0,0.0,0.0,0.0
지민이 결혼식 일정 알려줘,11.6698,26,22,8.0,3.3,1,1,0.0,0.3077,interrogative,present,none,0,0,1,1,event,none,1,none,4,2,1,1,0,single,absolute,5,1,0,2,2,neutral,0.8462,1,3.0,2,medium,1.0,1,0.0,none,0.0,0.0,0.0,0.0,0.0,0.0,0.0
지민이 졸업식 일정 알려줘,15.3752,26,22,8.0,3.3,1,1,0.0,0.3077,interrogative,present,none,0,0,1,1,event,none,1,none,4,2,1,1,0,single,absolute,5,1,0,2,2,neutral,0.8462,1,3.0,2,medium,1.0,1,0.0,none,0.0,0.0,0.0,0.0,0.0,0.0,0.0
지민이 돌잔치 일정 알려줘,15.7295,26,22,8.0,3.3,1,1,0.0,0.3077,interrogative,present,none,0,0,1,1,event,none,1,none,4,2,1,1,0,single,absolute,5,1,0,2,2,neutral,0.8462,1,3.0,2,medium,1.0,1,0.0,none,0.0,0.0,0.0,0.0,0.0,0.0,0.0
지민이 생일 알려줘,12.1895,26,22,8.0,3.3,1,1,0.0,0.3077,interrogative,present,none,0,0,1,1,event,none,1,none,4,2,1,1,0,single,absolute,5,1,0,2,2,neutral,0.8462,1,3.0,2,medium,1.0,1,0.0,none,0.0,0.0,0.0,0.0,0.0,0.0,0.0
사려고 찍어둔 와인 사진 다 보여줘,26.8335,36,32,10.0,3.6,1,1,0.0,0.2778,interrogative,past,none,0,0,1,1,photo,none,1,none,4,2,1,1,0,single,absolute,5,1,0,2,2,neutral,0.8889,1,3.0,2,medium,1.0,1,0.0,none,0.0,0.0,0.0,0.0,0.0,0.0,0.0
사려고 찍어둔 신발 사진 다 보여줘,24.4891,36,32,10.0,3.6,1,1,0.0,0.2778,interrogative,past,none,0,0,1,1,photo,none,1,none,4,2,1,1,0,single,absolute,5,1,0,2,2,neutral,0.8889,1,3.0,2,medium,1.0,1,0.0,none,0.0,0.0,0.0,0.0,0.0,0.0,0.0
사려고 찍어둔 옷 사진 다 보여줘,31.3977,36,32,10.0,3.6,1,1,0.0,0.2778,interrogative,past,none,0,0,1,1,photo,none,1,none,4,2,1,1,0,single,absolute,5,1,0,2,2,neutral,0.8889,1,3.0,2,medium,1.0,1,0.0,none,0.0,0.0,0.0,0.0,0.0,0.0,0.0
사려고 찍어둔 주방용품 사진 다 보여줘,21.2091,36,32,10.0,3.6,1,1,0.0,0.2778,interrogative,past,none,0,0,1,1,photo,none,1,none,4,2,1,1,0,single,absolute,5,1,0,2,2,neutral,0.8889,1,3.0,2,medium,1.0,1,0.0,none,0.0,0.0,0.0,0.0,0.0,0.0,0.0
지난주 작성한 강의 필기 찾아줘,26.106,34,30,10.0,3.4,1,1,0.0,0.2941,interrogative,past,none,0,0,1,1,note,none,1,none,4,2,1,1,0,single,absolute,5,1,0,2,2,neutral,0.8824,1,3.0,2,medium,1.0,1,0.0,none,0.0,0.0,0.0,0.0,0.0,0.0,0.0
지난주 작성한 노트 찾아줘,24.2368,34,30,10.0,3.4,1,1,0.0,0.2941,interrogative,past,none,0,0,1,1,note,none,1,none,4,2,1,1,0,single,absolute,5,1,0,2,2,neutral,0.8824,1,3.0,2,medium,1.0,1,0.0,none,0.0,0.0,0.0,0.0,0.0,0.0,0.0
지난 주에 찍어둔 강의 영상 찾아줘,20.803,34,30,10.0,3.4,1,1,0.0,0.2941,interrogative,past,none,0,0,1,1,video,none,1,none,4,2,1,1,0,single,absolute,5,1,0,2,2,neutral,0.8824,1,3.0,2,medium,1.0,1,0.0,none,0.0,0.0,0.0,0.0,0.0,0.0,0.0
지난주 작성한 메모 찾아줘,11.5135,26,22,8.0,3.3,1,1,0.0,0.3077,interrogative,past,none,0,0,1,1,note,none,1,none,4,2,1,1,0,single,absolute,5,1,0,2,2,neutral,0.8462,1,3.0,2,medium,1.0,1,0.0,none,0.0,0.0,0.0,0.0,0.0,0.0,0.0
지난번 여행에서 산책할 때 찍은 사진 보여줘,18.496,43,39,11.0,3.9,1,1,0.0,0.2558,interrogative,past,none,0,0,1,1,photo,none,1,none,4,2,1,1,0,single,absolute,5,1,0,2,2,neutral,0.8512,1,3.0,2,medium,1.0,1,0.0,none,0.0,0.0,0.0,0.0,0.0,0.0,0.0
지난번 여행에서 먹었던 음식 사진 보여줘,20.4941,43,39,11.0,3.9,1,1,0.0,0.2558,interrogative,past,none,0,0,1,1,photo,none,1,none,4,2,1,1,0,single,absolute,5,1,0,2,2,neutral,0.8512,1,3.0,2,medium,1.0,1,0.0,none,0.0,0.0,0.0,0.0,0.0,0.0,0.0
지난번 여행에서 구경한 풍경 사진 보여줘,15.6216,43,39,11.0,3.9,1,1,0.0,0.2558,interrogative,past,none,0,0,1,1,photo,none,1,none,4,2,1,1,0,single,absolute,5,1,0,2,2,neutral,0.8512,1,3.0,2,medium,1.0,1,0.0,none,0.0,0.0,0.0,0.0,0.0,0.0,0.0
지난번 여행에서 체험한 액티비티 사진 보여줘,17.3384,43,39,11.0,3.9,1,1,0.0,0.2558,interrogative,past,none,0,0,1,1,photo,none,1,none,4,2,1,1,0,single,absolute,5,1,0,2,2,neutral,0.8512,1,3.0,2,medium,1.0,1,0.0,none,0.0,0.0,0.0,0.0,0.0,0.0,0.0
내 여권 사진 찾아줘,18.3003,24,20,6.0,4.0,1,1,0.0,0.25,interrogative,present,none,0,0,1,1,photo,none,1,none,4,2,1,1,0,single,absolute,5,1,0,2,2,neutral,0.8333,1,3.0,2,medium,1.0,1,0.0,none,0.0,0.0,0.0,0.0,0.0,0.0,0.0
주말에 찍은 반려동물 사진 찾아줘,13.2361,32,28,8.0,4.0,1,1,0.0,0.25,interrogative,present,none,0,0,1,1,photo,none,1,none,4,2,1,1,0,single,absolute,5,1,0,2,2,neutral,0.8333,1,3.0,2,medium,1.0,1,0.0,none,0.0,0.0,0.0,0.0,0.0,0.0,0.0
가족이랑 찍은 사진 찾아줘,26.9289,26,22,8.0,3.3,1,1,0.0,0.3077,interrogative,present,none,0,0,1,1,photo,none,1,none,4,2,1,1,0,single,absolute,5,1,0,2,2,neutral,0.8462,1,3.0,2,medium,1.0,1,0.0,none,0.0,0.0,0.0,0.0,0.0,0.0,0.0
친구들과 함께 찍은 사진 찾아줘,26.0997,26,22,8.0,3.3,1,1,0.0,0.3077,interrogative,present,none,0,0,1,1,photo,none,1,none,4,2,1,1,0,single,absolute,5,1,0,2,2,neutral,0.8462,1,3.0,2,medium,1.0,1,0.0,none,0.0,0.0,0.0,0.0,0.0,0.0,0.0
봄에 갔던 골프장 어디였지?,20.9377,28,24,8.0,3.5,1,1,0.0,0.2857,interrogative,past,none,0,0,1,1,event,none,1,none,4,2,1,1,0,single,absolute,5,1,0,2,2,neutral,0.8571,1,3.0,2,medium,1.0,1,0.0,none,0.0,0.0,0.0,0.0,0.0,0.0,0.0
여름에 갔던 산 어디였지?,13.8776,26,22,8.0,3.3,1,1,0.0,0.3077,interrogative,past,none,0,0,1,1,event,none,1,none,4,2,1,1,0,single,absolute,5,1,0,2,2,neutral,0.8462,1,3.0,2,medium,1.0,1,0.0,none,0.0,0.0,0.0,0.0,0.0,0.0,0.0
주말에 갔던 라이딩 코스 어디였지?,18.0121,28,24,8.0,3.5,1,1,0.0,0.2857,interrogative,past,none,0,0,1,1,event,none,1,none,4,2,1,1,0,single,absolute,5,1,0,2,2,neutral,0.8571,1,3.0,2,medium,1.0,1,0.0,none,0.0,0.0,0.0,0.0,0.0,0.0,0.0
가을에 갔던 공원 어디였지?,25.1263,28,24,8.0,3.5,1,1,0.0,0.2857,interrogative,past,none,0,0,1,1,event,none,1,none,4,2,1,1,0,single,absolute,5,1,0,2,2,neutral,0.8571,1,3.0,2,medium,1.0,1,0.0,none,0.0,0.0,0.0,0.0,0.0,0.0,0.0
4월 1일에 결제했던 5만원 어디에 쓴 거지?,23.3784,43,39,11.0,3.9,1,1,0.0,0.2558,interrogative,past,none,0,0,1,1,finance,none,1,none,4,2,1,1,0,single,absolute,5,1,0,2,2,neutral,0.8512,1,3.0,2,medium,1.0,1,0.0,none,0.0,0.0,0.0,0.0,0.0,0.0,0.0
4월 1일에 결제했던 5만원 어디서 쓴 거지?,18.792,43,39,11.0,3.9,1,1,0.0,0.2558,interrogative,past,none,0,0,1,1,finance,none,1,none,4,2,1,1,0,single,absolute,5,1,0,2,2,neutral,0.8512,1,3.0,2,medium,1.0,1,0.0,none,0.0,0.0,0.0,0.0,0.0,0.0,0.0
4월 1일에 결제했던 5만원 무슨 카드로 쓴 거지?,17.2943,43,39,11.0,3.9,1,1,0.0,0.2558,interrogative,past,none,0,0,1,1,finance,none,1,none,4,2,1,1,0,single,absolute,5,1,0,2,2,neutral,0.8512,1,3.0,2,medium,1.0,1,0.0,none,0.0,0.0,0.0,0.0,0.0,0.0,0.0
4월 1일에 결제했던 5만원 언제 쓴 거지?,18.6919,43,39,11.0,3.9,1,1,0.0,0.2558,interrogative,past,none,0,0,1,1,finance,none,1,none,4,2,1,1,0,single,absolute,5,1,0,2,2,neutral,0.8512,1,3.0,2,medium,1.0,1,0.0,none,0.0,0.0,0.0,0.0,0.0,0.0,0.0
어제 반복해서 들은 노래의 제목과 가수명이 뭐지?,15.7563,38,34,10.0,3.8,1,1,0.0,0.2632,interrogative,past,none,0,0,1,1,music,none,1,none,4,2,1,1,0,single,absolute,5,1,0,2,2,neutral,0.8684,1,3.0,2,medium,1.0,1,0.0,none,0.0,0.0,0.0,0.0,0.0,0.0,0.0
어제 점심 때 들은 노래의 제목과 가수명이 뭐지?,14.6793,38,34,10.0,3.8,1,1,0.0,0.2632,interrogative,past,none,0,0,1,1,music,none,1,none,4,2,1,1,0,single,absolute,5,1,0,2,2,neutral,0.8684,1,3.0,2,medium,1.0,1,0.0,none,0.0,0.0,0.0,0.0,0.0,0.0,0.0
어제 저녁에 들은 노래의 제목과 가수명이 뭐지?,14.0305,38,34,10.0,3.8,1,1,0.0,0.2632,interrogative,past,none,0,0,1,1,music,none,1,none,4,2,1,1,0,single,absolute,5,1,0,2,2,neutral,0.8684,1,3.0,2,medium,1.0,1,0.0,none,0.0,0.0,0.0,0.0,0.0,0.0,0.0
어제 운동하면서 들은 노래의 제목과 가수명이 뭐지?,14.3753,38,34,10.0,3.8,1,1,0.0,0.2632,interrogative,past,none,0,0,1,1,music,none,1,none,4,2,1,1,0,single,absolute,5,1,0,2,2,neutral,0.8684,1,3.0,2,medium,1.0,1,0.0,none,0.0,0.0,0.0,0.0,0.0,0.0,0.0
내일 지원이랑 어디서 만나기로 했지?,15.6107,28,24,8.0,3.5,1,1,0.0,0.2857,interrogative,future,none,0,0,1,1,event,none,1,none,4,2,1,1,0,single,absolute,5,1,0,2,2,neutral,0.8571,1,3.0,2,medium,1.0,1,0.0,none,0.0,0.0,0.0,0.0,0.0,0.0,0.0
내일 지원이랑 언제 만나기로 했지?,11.9332,28,24,8.0,3.5,1,1,0.0,0.2857,interrogative,future,none,0,0,1,1,event,none,1,none,4,2,1,1,0,single,absolute,5,1,0,2,2,neutral,0.8571,1,3.0,2,medium,1.0,1,0.0,none,0.0,0.0,0.0,0.0,0.0,0.0,0.0
내일 지원이랑 몇 시에 만나기로 했지?,16.2685,28,24,8.0,3.5,1,1,0.0,0.2857,interrogative,future,none,0,0,1,1,event,none,1,none,4,2,1,1,0,single,absolute,5,1,0,2,2,neutral,0.8571,1,3.0,2,medium,1.0,1,0.0,none,0.0,0.0,0.0,0.0,0.0,0.0,0.0
내일 지원이랑 무엇 때문에 만나기로 했지?,11.54,28,24,8.0,3.5,1,1,0.0,0.2857,interrogative,future,none,0,0,1,1,event,none,1,none,4,2,1,1,0,single,absolute,5,1,0,2,2,neutral,0.8571,1,3.0,2,medium,1.0,1,0.0,none,0.0,0.0,0.0,0.0,0.0,0.0,0.0
작년 겨울에 구매한 패딩을 어느 사이트에서 샀었지?,25.1216,43,39,11.0,3.9,1,1,0.0,0.2558,interrogative,past,none,0,0,1,1,shopping,none,1,none,4,2,1,1,0,single,absolute,5,1,0,2,2,neutral,0.8512,1,3.0,2,medium,1.0,1,0.0,none,0.0,0.0,0.0,0.0,0.0,0.0,0.0
작년 겨울에 구매한 패딩을 어느 앱에서 샀었지?,23.5528,43,39,11.0,3.9,1,1,0.0,0.2558,interrogative,past,none,0,0,1,1,shopping,none,1,none,4,2,1,1,0,single,absolute,5,1,0,2,2,neutral,0.8512,1,3.0,2,medium,1.0,1,0.0,none,0.0,0.0,0.0,0.0,0.0,0.0,0.0
작년 겨울에 구매한 패딩을 어느 오프라인 매장에서 샀었지?,23.6779,47,39,15.0,3.13,1,1,0.0,0.32,interrogative,past,none,0,0,1,1,shopping,none,1,location,5,5,5,1,0,0,0,text,0,single,absolute,7,0,0.0,0,0.0,4,2,0.0,none,0.0,none,0.0,0.0,0.0,3.0,0.0,0.0,0.0
작년 겨울에 구매한 패딩을 어느 백화점에서 샀었지?,19.8546,47,39,15.0,3.13,1,1,0.0,0.32,interrogative,past,none,0,0,1,1,shopping,none,1,location,5,5,5,1,0,0,0,text,0,single,absolute,7,0,0.0,0,0.0,4,2,0.0,none,0.0,none,0.0,0.0,0.0,3.0,0.0,0.0,0.0
오늘 미팅 장소와 시간은 어디지?,14.0835,30,25,9.0,3.33,1,1,0.0,0.3,interrogative,present,none,0,0,1,1,meeting,none,1,location,2,5,5,1,0,0,0,text,0,single,absolute,5,0,0.0,0,0.0,4,1,0.0,none,0.0,none,0.0,0.0,0.0,3.0,0.0,0.0,0.0
오늘 약속 장소와 시간은 어디지?,6.7843,30,25,9.0,3.33,1,1,0.0,0.3,interrogative,present,none,0,0,1,1,meeting,none,1,location,2,5,5,1,0,0,0,text,0,single,absolute,5,0,0.0,0,0.0,4,1,0.0,none,0.0,none,0.0,0.0,0.0,3.0,0.0,0.0,0.0
오늘 세미나 장소와 시간은 어디지?,20.0484,30,25,9.0,3.33,1,1,0.0,0.3,interrogative,present,none,0,0,1,1,seminar,none,1,location,2,5,5,1,0,0,0,text,0,single,absolute,5,0,0.0,0,0.0,4,1,0.0,none,0.0,none,0.0,0.0,0.0,3.0,0.0,0.0,0.0
오늘 회의 장소와 시간은 어디지?,11.4985,30,25,9.0,3.33,1,1,0.0,0.3,interrogative,present,none,0,0,1,1,meeting,none,1,location,2,5,5,1,0,0,0,text,0,single,absolute,5,0,0.0,0,0.0,4,1,0.0,none,0.0,none,0.0,0.0,0.0,3.0,0.0,0.0,0.0
작년 결혼기념일 때 갔던 레스토랑 어디였지?,13.2869,40,34,12.0,3.33,1,1,0.0,0.3,interrogative,past,none,0,0,1,1,restaurant,none,1,location,3,5,5,1,0,0,0,text,0,single,absolute,6,0,0.0,0,0.0,4,1,0.0,none,0.0,none,0.0,0.0,0.0,3.0,0.0,0.0,0.0
뉴욕 여행 때 갔던 브런치 집 어디였지?,15.9983,40,34,12.0,3.33,1,1,0.0,0.3,interrogative,past,none,0,0,1,1,restaurant,none,1,location,3,5,5,1,0,0,0,text,0,single,absolute,6,0,0.0,0,0.0,4,1,0.0,none,0.0,none,0.0,0.0,0.0,3.0,0.0,0.0,0.0
부모님 생신 때 갔던 호텔 어디였지?,14.627,40,34,12.0,3.33,1,1,0.0,0.3,interrogative,past,none,0,0,1,1,hotel,none,1,location,3,5,5,1,0,0,0,text,0,single,absolute,6,0,0.0,0,0.0,4,1,0.0,none,0.0,none,0.0,0.0,0.0,3.0,0.0,0.0,0.0
친구 결혼식 때 갔던 식장 어디였지?,21.6479,40,34,12.0,3.33,1,1,0.0,0.3,interrogative,past,none,0,0,1,1,restaurant,none,1,location,3,5,5,1,0,0,0,text,0,single,absolute,6,0,0.0,0,0.0,4,1,0.0,none,0.0,none,0.0,0.0,0.0,3.0,0.0,0.0,0.0
성훈이랑 최근에 언제 만났더라?,14.5831,30,25,9.0,3.33,1,1,0.0,0.3,interrogative,past,none,0,0,1,1,meeting,none,1,location,2,5,5,1,0,0,0,text,0,single,absolute,5,0,0.0,0,0.0,4,1,0.0,none,0.0,none,0.0,0.0,0.0,3.0,0.0,0.0,0.0
성훈이랑 최근에 어디서 만났더라?,17.0392,30,25,9.0,3.33,1,1,0.0,0.3,interrogative,past,none,0,0,1,1,meeting,none,1,location,2,5,5,1,0,0,0,text,0,single,absolute,5,0,0.0,0,0.0,4,1,0.0,none,0.0,none,0.0,0.0,0.0,3.0,0.0,0.0,0.0
성훈이랑 최근에 몇 시에 만났더라?,18.6927,30,25,9.0,3.33,1,1,0.0,0.3,interrogative,past,none,0,0,1,1,meeting,none,1,location,2,5,5,1,0,0,0,text,0,single,absolute,5,0,0.0,0,0.0,4,1,0.0,none,0.0,none,0.0,0.0,0.0,3.0,0.0,0.0,0.0
성훈이랑 최근에 무엇 때문에 만났더라?,22.4367,30,25,9.0,3.33,1,1,0.0,0.3,interrogative,past,none,0,0,1,1,meeting,none,1,location,2,5,5,1,0,0,0,text,0,single,absolute,5,0,0.0,0,0.0,4,1,0.0,none,0.0,none,0.0,0.0,0.0,3.0,0.0,0.0,0.0
지난달에 운동 몇 번이나 했지?,12.7229,30,25,9.0,3.33,1,1,0.0,0.3,interrogative,past,none,0,0,1,1,exercise,none,1,activity,2,5,5,1,0,0,0,text,0,single,absolute,5,0,0.0,0,0.0,4,1,0.0,none,0.0,none,0.0,0.0,0.0,3.0,0.0,0.0,0.0
지난달에 걷기 몇 번이나 했지?,20.8216,30,25,9.0,3.33,1,1,0.0,0.3,interrogative,past,none,0,0,1,1,exercise,none,1,activity,2,5,5,1,0,0,0,text,0,single,absolute,5,0,0.0,0,0.0,4,1,0.0,none,0.0,none,0.0,0.0,0.0,3.0,0.0,0.0,0.0
지난달에 요가 몇 번이나 했지?,15.467,30,25,9.0,3.33,1,1,0.0,0.3,interrogative,past,none,0,0,1,1,exercise,none,1,activity,2,5,5,1,0,0,0,text,0,single,absolute,5,0,0.0,0,0.0,4,1,0.0,none,0.0,none,0.0,0.0,0.0,3.0,0.0,0.0,0.0
지난달에 수영 몇 번이나 했지?,9.3088,30,25,9.0,3.33,1,1,0.0,0.3,interrogative,past,none,0,0,1,1,exercise,none,1,activity,2,5,5,1,0,0,0,text,0,single,absolute,5,0,0.0,0,0.0,4,1,0.0,none,0.0,none,0.0,0.0,0.0,3.0,0.0,0.0,0.0
지난달에 쿠팡에서 총 얼마나 썼지?,21.5989,40,34,12.0,3.33,1,1,0.0,0.3,interrogative,past,none,0,0,1,1,shopping,none,1,financial,3,5,5,1,0,0,0,text,0,single,absolute,6,0,0.0,0,0.0,4,1,0.0,none,0.0,none,0.0,0.0,0.0,3.0,0.0,0.0,0.0
지난달에 이마트에서 총 얼마나 썼지?,12.7241,40,34,12.0,3.33,1,1,0.0,0.3,interrogative,past,none,0,0,1,1,shopping,none,1,financial,3,5,5,1,0,0,0,text,0,single,absolute,6,0,0.0,0,0.0,4,1,0.0,none,0.0,none,0.0,0.0,0.0,3.0,0.0,0.0,0.0
지난달에 전통시장에서 총 얼마나 썼지?,23.353,40,34,12.0,3.33,1,1,0.0,0.3,interrogative,past,none,0,0,1,1,shopping,none,1,financial,3,5,5,1,0,0,0,text,0,single,absolute,6,0,0.0,0,0.0,4,1,0.0,none,0.0,none,0.0,0.0,0.0,3.0,0.0,0.0,0.0
지난달에 편의점에서 총 얼마나 썼지?,25.8917,40,34,12.0,3.33,1,1,0.0,0.3,interrogative,past,none,0,0,1,1,shopping,none,1,financial,3,5,5,1,0,0,0,text,0,single,absolute,6,0,0.0,0,0.0,4,1,0.0,none,0.0,none,0.0,0.0,0.0,3.0,0.0,0.0,0.0
지난달에 유튜브를 총 몇 시간 재생했지?,17.2496,40,34,12.0,3.33,1,1,0.0,0.3,interrogative,past,none,0,0,1,1,media,none,1,activity,3,5,5,1,0,0,0,text,0,single,absolute,6,0,0.0,0,0.0,4,1,0.0,none,0.0,none,0.0,0.0,0.0,3.0,0.0,0.0,0.0
지난달에 넷플릭스를 총 몇 시간 재생했지?,22.1453,40,34,12.0,3.33,1,1,0.0,0.3,interrogative,past,none,0,0,1,1,media,none,1,activity,3,5,5,1,0,0,0,text,0,single,absolute,6,0,0.0,0,0.0,4,1,0.0,none,0.0,none,0.0,0.0,0.0,3.0,0.0,0.0,0.0
지난달에 케이팝 플레이리스트를 총 몇 시간 재생했지?,26.7749,40,34,12.0,3.33,1,1,0.0,0.3,interrogative,past,none,0,0,1,1,media,none,1,activity,3,5,5,1,0,0,0,text,0,single,absolute,6,0,0.0,0,0.0,4,1,0.0,none,0.0,none,0.0,0.0,0.0,3.0,0.0,0.0,0.0
지난달에 팟캐스트를 총 몇 시간 재생했지?,24.7164,40,34,12.0,3.33,1,1,0.0,0.3,interrogative,past,none,0,0,1,1,media,none,1,activity,3,5,5,1,0,0,0,text,0,single,absolute,6,0,0.0,0,0.0,4,1,0.0,none,0.0,none,0.0,0.0,0.0,3.0,0.0,0.0,0.0
지난해에 약속이 몇 번이나 있었지?,33.8893,40,34,12.0,3.33,1,1,0.0,0.3,interrogative,past,none,0,0,1,1,meeting,none,1,activity,3,5,5,1,0,0,0,text,0,single,absolute,6,0,0.0,0,0.0,4,1,0.0,none,0.0,none,0.0,0.0,0.0,3.0,0.0,0.0,0.0
지난해에 모임이 몇 번이나 있었지?,28.1026,40,34,12.0,3.33,1,1,0.0,0.3,interrogative,past,none,0,0,1,1,meeting,none,1,activity,3,5,5,1,0,0,0,text,0,single,absolute,6,0,0.0,0,0.0,4,1,0.0,none,0.0,none,0.0,0.0,0.0,3.0,0.0,0.0,0.0
지난해에 회식이 몇 번이나 있었지?,20.4603,40,34,12.0,3.33,1,1,0.0,0.3,interrogative,past,none,0,0,1,1,meeting,none,1,activity,3,5,5,1,0,0,0,text,0,single,absolute,6,0,0.0,0,0.0,4,1,0.0,none,0.0,none,0.0,0.0,0.0,3.0,0.0,0.0,0.0
지난해에 여행이 몇 번이나 있었지?,13.163,40,34,12.0,3.33,1,1,0.0,0.3,interrogative,past,none,0,0,1,1,travel,none,1,activity,3,5,5,1,0,0,0,text,0,single,absolute,6,0,0.0,0,0.0,4,1,0.0,none,0.0,none,0.0,0.0,0.0,3.0,0.0,0.0,0.0
올해 상반기에 옷을 몇 번이나 샀지?,19.9251,40,34,12.0,3.33,1,1,0.0,0.3,interrogative,present,none,0,0,1,1,shopping,none,1,financial,3,5,5,1,0,0,0,text,0,single,absolute,6,0,0.0,0,0.0,4,1,0.0,none,0.0,none,0.0,0.0,0.0,3.0,0.0,0.0,0.0
올해 상반기에 신발을 몇 번이나 샀지?,20.4428,40,34,12.0,3.33,1,1,0.0,0.3,interrogative,present,none,0,0,1,1,shopping,none,1,financial,3,5,5,1,0,0,0,text,0,single,absolute,6,0,0.0,0,0.0,4,1,0.0,none,0.0,none,0.0,0.0,0.0,3.0,0.0,0.0,0.0
올해 상반기에 생필품을 몇 번이나 샀지?,28.4905,40,34,12.0,3.33,1,1,0.0,0.3,interrogative,present,none,0,0,1,1,shopping,none,1,financial,3,5,5,1,0,0,0,text,0,single,absolute,6,0,0.0,0,0.0,4,1,0.0,none,0.0,none,0.0,0.0,0.0,3.0,0.0,0.0,0.0
올해 상반기에 화장품을 몇 번이나 샀지?,17.8084,40,34,12.0,3.33,1,1,0.0,0.3,interrogative,present,none,0,0,1,1,shopping,none,1,financial,3,5,5,1,0,0,0,text,0,single,absolute,6,0,0.0,0,0.0,4,1,0.0,none,0.0,none,0.0,0.0,0.0,3.0,0.0,0.0,0.0
지난주에 영어 회화를 몇 시간 했지?,18.2183,40,34,12.0,3.33,1,1,0.0,0.3,interrogative,past,none,0,0,1,1,language,none,1,activity,3,5,5,1,0,0,0,text,0,single,absolute,6,0,0.0,0,0.0,4,1,0.0,none,0.0,none,0.0,0.0,0.0,3.0,0.0,0.0,0.0
지난주에 자격증 공부를 몇 시간 했지?,18.8426,40,34,12.0,3.33,1,1,0.0,0.3,interrogative,past,none,0,0,1,1,study,none,1,activity,3,5,5,1,0,0,0,text,0,single,absolute,6,0,0.0,0,0.0,4,1,0.0,none,0.0,none,0.0,0.0,0.0,3.0,0.0,0.0,0.0
지난주에 독서를 몇 시간 했지?,16.7158,40,34,12.0,3.33,1,1,0.0,0.3,interrogative,past,none,0,0,1,1,reading,none,1,activity,3,5,5,1,0,0,0,text,0,single,absolute,6,0,0.0,0,0.0,4,1,0.0,none,0.0,none,0.0,0.0,0.0,3.0,0.0,0.0,0.0
지난주에 오프라인 합주를 몇 시간 했지?,21.5635,40,34,12.0,3.33,1,1,0.0,0.3,interrogative,past,none,0,0,1,1,music,none,1,activity,3,5,5,1,0,0,0,text,0,single,absolute,6,0,0.0,0,0.0,4,1,0.0,none,0.0,none,0.0,0.0,0.0,3.0,0.0,0.0,0.0
올해 캠핑을 몇 번이나 갔지?,15.08,30,25,9.0,3.33,1,1,0.0,0.3,interrogative,present,none,0,0,1,1,outdoor,none,1,activity,2,5,5,1,0,0,0,text,0,single,absolute,5,0,0.0,0,0.0,4,1,0.0,none,0.0,none,0.0,0.0,0.0,3.0,0.0,0.0,0.0
올해 나들이를 몇 번이나 갔지?,26.4506,30,25,9.0,3.33,1,1,0.0,0.3,interrogative,present,none,0,0,1,1,outdoor,none,1,activity,2,5,5,1,0,0,0,text,0,single,absolute,5,0,0.0,0,0.0,4,1,0.0,none,0.0,none,0.0,0.0,0.0,3.0,0.0,0.0,0.0
올해 산책을 몇 번이나 갔지?,14.2559,30,25,9.0,3.33,1,1,0.0,0.3,interrogative,present,none,0,0,1,1,outdoor,none,1,activity,2,5,5,1,0,0,0,text,0,single,absolute,5,0,0.0,0,0.0,4,1,0.0,none,0.0,none,0.0,0.0,0.0,3.0,0.0,0.0,0.0
올해 여행을 몇 번이나 갔지?,16.9997,30,25,9.0,3.33,1,1,0.0,0.3,interrogative,present,none,0,0,1,1,travel,none,1,activity,2,5,5,1,0,0,0,text,0,single,absolute,5,0,0.0,0,0.0,4,1,0.0,none,0.0,none,0.0,0.0,0.0,3.0,0.0,0.0,0.0
이번 달에 배달 음식을 몇 번 먹었지?,12.1014,40,34,12.0,3.33,1,1,0.0,0.3,interrogative,present,none,0,0,1,1,food,none,1,activity,3,5,5,1,0,0,0,text,0,single,absolute,6,0,0.0,0,0.0,4,1,0.0,none,0.0,none,0.0,0.0,0.0,3.0,0.0,0.0,0.0
이번 달에 외식을 몇 번 먹었지?,25.2473,40,34,12.0,3.33,1,1,0.0,0.3,interrogative,present,none,0,0,1,1,food,none,1,activity,3,5,5,1,0,0,0,text,0,single,absolute,6,0,0.0,0,0.0,4,1,0.0,none,0.0,none,0.0,0.0,0.0,3.0,0.0,0.0,0.0
이번 달에 카페를 몇 번 먹었지?,17.5864,40,34,12.0,3.33,1,1,0.0,0.3,interrogative,present,none,0,0,1,1,food,none,1,activity,3,5,5,1,0,0,0,text,0,single,absolute,6,0,0.0,0,0.0,4,1,0.0,none,0.0,none,0.0,0.0,0.0,3.0,0.0,0.0,0.0
이번 달에 편의점에서 몇 번 먹었지?,20.9935,40,34,12.0,3.33,1,1,0.0,0.3,interrogative,present,none,0,0,1,1,food,none,1,activity,3,5,5,1,0,0,0,text,0,single,absolute,6,0,0.0,0,0.0,4,1,0.0,none,0.0,none,0.0,0.0,0.0,3.0,0.0,0.0,0.0
지난달과 비교했을 때 이번 달 운동량이 얼마나 늘었지?,23.8735,66,56,20.0,3.3,1,0,0.0,0.34,interrogative,present,none,0,0,1,1,exercise,none,1,activity,4,5,5,1,0,0,0,text,0,single,absolute,7,0,0.0,0,0.0,4,2,0.0,none,0.0,none,0.0,0.0,0.0,3.0,0.0,0.0,0.0
지난달과 비교했을 때 이번 달 걸음 수가 얼마나 늘었지?,12.2085,66,56,20.0,3.3,1,0,0.0,0.34,interrogative,present,none,0,0,1,1,exercise,none,1,activity,4,5,5,1,0,0,0,text,0,single,absolute,7,0,0.0,0,0.0,4,2,0.0,none,0.0,none,0.0,0.0,0.0,3.0,0.0,0.0,0.0
지난달과 비교했을 때 이번 달 칼로리 소모가 얼마나 늘었지?,14.8955,66,56,20.0,3.3,1,0,0.0,0.34,interrogative,present,none,0,0,1,1,exercise,none,1,activity,4,5,5,1,0,0,0,text,0,single,absolute,7,0,0.0,0,0.0,4,2,0.0,none,0.0,none,0.0,0.0,0.0,3.0,0.0,0.0,0.0
지난달과 비교했을 때 이번 달 활동 시간이 얼마나 늘었지?,24.6488,66,56,20.0,3.3,1,0,0.0,0.34,interrogative,present,none,0,0,1,1,exercise,none,1,activity,4,5,5,1,0,0,0,text,0,single,absolute,7,0,0.0,0,0.0,4,2,0.0,none,0.0,none,0.0,0.0,0.0,3.0,0.0,0.0,0.0
작년과 비교했을 때 올해 카드 결제액이 얼마나 늘었지?,25.3443,47,39,12.0,3.92,1,4,0.0,1.06,interrogative,present,should,0,0,1,1,finance,none,1,person,3,7,2,5,1,1,0,0,1,1,0,1,0,0.0,1,0.0,2,0,1.0,0,0.0,medium,1.0,1.0,0.0,0.0,0.0,0.0,0.0
작년과 비교했을 때 올해 여가 비용이 얼마나 늘었지?,20.8705,47,39,12.0,3.92,1,4,0.0,1.06,interrogative,present,should,0,0,1,1,finance,none,1,person,3,7,2,5,1,1,0,0,1,1,0,1,0,0.0,1,0.0,2,0,1.0,0,0.0,medium,1.0,1.0,0.0,0.0,0.0,0.0,0.0
작년과 비교했을 때 올해 고정 지출이 얼마나 늘었지?,23.7459,47,39,12.0,3.92,1,4,0.0,1.06,interrogative,present,should,0,0,1,1,finance,none,1,person,3,7,2,5,1,1,0,0,1,1,0,1,0,0.0,1,0.0,2,0,1.0,0,0.0,medium,1.0,1.0,0.0,0.0,0.0,0.0,0.0
작년과 비교했을 때 올해 생활비가 얼마나 늘었지?,24.2751,47,39,12.0,3.92,1,4,0.0,1.06,interrogative,present,should,0,0,1,1,finance,none,1,person,3,7,2,5,1,1,0,0,1,1,0,1,0,0.0,1,0.0,2,0,1.0,0,0.0,medium,1.0,1.0,0.0,0.0,0.0,0.0,0.0
올해 가장 많이 들었던 음악 순서대로 알려줘,25.2008,38,32,10.0,3.8,1,2,0.0,1.0,interrogative,present,should,0,0,1,1,entertainment,none,1,person,3,7,2,5,1,1,0,0,1,1,0,1,0,0.0,1,0.0,2,0,1.0,0,0.0,medium,1.0,1.0,0.0,0.0,0.0,0.0,0.0
올해 가장 많이 시청했던 유튜브 채널 순서대로 알려줘,20.1194,47,39,12.0,3.92,1,4,0.0,1.06,interrogative,present,should,0,0,1,1,entertainment,none,1,person,3,7,2,5,1,1,0,0,1,1,0,1,0,0.0,1,0.0,2,0,1.0,0,0.0,medium,1.0,1.0,0.0,0.0,0.0,0.0,0.0
올해 가장 많이 플레이한 게임 순서대로 알려줘,33.9973,47,39,12.0,3.92,1,4,0.0,1.06,interrogative,present,should,0,0,1,1,entertainment,none,1,person,3,7,2,5,1,1,0,0,1,1,0,1,0,0.0,1,0.0,2,0,1.0,0,0.0,medium,1.0,1.0,0.0,0.0,0.0,0.0,0.0
올해 가장 많이 본 드라마 순서대로 알려줘,12.8249,47,39,12.0,3.92,1,4,0.0,1.06,interrogative,present,should,0,0,1,1,entertainment,none,1,person,3,7,2,5,1,1,0,0,1,1,0,1,0,0.0,1,0.0,2,0,1.0,0,0.0,medium,1.0,1.0,0.0,0.0,0.0,0.0,0.0
지난달에 성진이랑 통화한 횟수 이번달과 비교해줘,19.2887,47,39,12.0,3.92,1,4,0.0,1.06,interrogative,present,should,0,0,1,1,communication,none,1,person,3,7,2,5,1,1,0,0,1,1,0,1,0,0.0,1,0.0,2,0,1.0,0,0.0,medium,1.0,1.0,0.0,0.0,0.0,0.0,0.0
지난달에 성진이랑 메시지 교환 횟수 이번달과 비교해줘,21.6109,47,39,12.0,3.92,1,4,0.0,1.06,interrogative,present,should,0,0,1,1,communication,none,1,person,3,7,2,5,1,1,0,0,1,1,0,1,0,0.0,1,0.0,2,0,1.0,0,0.0,medium,1.0,1.0,0.0,0.0,0.0,0.0,0.0
지난달에 성진이랑 만난 횟수 이번달과 비교해줘,20.2698,47,39,12.0,3.92,1,4,0.0,1.06,interrogative,present,should,0,0,1,1,communication,none,1,person,3,7,2,5,1,1,0,0,1,1,0,1,0,0.0,1,0.0,2,0,1.0,0,0.0,medium,1.0,1.0,0.0,0.0,0.0,0.0,0.0
지난달에 성진이랑 영상통화 횟수 이번달과 비교해줘,14.0343,47,39,12.0,3.92,1,4,0.0,1.06,interrogative,present,should,0,0,1,1,communication,none,1,person,3,7,2,5,1,1,0,0,1,1,0,1,0,0.0,1,0.0,2,0,1.0,0,0.0,medium,1.0,1.0,0.0,0.0,0.0,0.0,0.0
온라인 쇼핑과 오프라인 쇼핑 결제 금액 비교해줘,32.1986,47,39,12.0,3.92,1,4,0.0,1.06,interrogative,present,should,0,0,1,1,finance,none,1,person,3,7,2,5,1,1,0,0,1,1,0,1,0,0.0,1,0.0,2,0,1.0,0,0.0,medium,1.0,1.0,0.0,0.0,0.0,0.0,0.0
카드 결제와 현금 결제 금액 비교해줘,26.7424,47,39,12.0,3.92,1,4,0.0,1.06,interrogative,present,should,0,0,1,1,finance,none,1,person,3,7,2,5,1,1,0,0,1,1,0,1,0,0.0,1,0.0,2,0,1.0,0,0.0,medium,1.0,1.0,0.0,0.0,0.0,0.0,0.0
이번 달과 지난달 결제 금액 비교해줘,21.2016,47,39,12.0,3.92,1,4,0.0,1.06,interrogative,present,should,0,0,1,1,finance,none,1,person,3,7,2,5,1,1,0,0,1,1,0,1,0,0.0,1,0.0,2,0,1.0,0,0.0,medium,1.0,1.0,0.0,0.0,0.0,0.0,0.0
평일과 주말 결제 금액 비교해줘,30.0478,47,39,12.0,3.92,1,4,0.0,1.06,interrogative,present,should,0,0,1,1,finance,none,1,person,3,7,2,5,1,1,0,0,1,1,0,1,0,0.0,1,0.0,2,0,1.0,0,0.0,medium,1.0,1.0,0.0,0.0,0.0,0.0,0.0
이번 달이랑 지난달 근무 시간을 비교해줘,31.5749,47,39,12.0,3.92,1,4,0.0,1.06,interrogative,present,should,0,0,1,1,work,none,1,person,3,7,2,5,1,1,0,0,1,1,0,1,0,0.0,1,0.0,2,0,1.0,0,0.0,medium,1.0,1.0,0.0,0.0,0.0,0.0,0.0
이번 달이랑 지난달 회의 시간을 비교해줘,17.9169,47,39,12.0,3.92,1,4,0.0,1.06,interrogative,present,should,0,0,1,1,work,none,1,person,3,7,2,5,1,1,0,0,1,1,0,1,0,0.0,1,0.0,2,0,1.0,0,0.0,medium,1.0,1.0,0.0,0.0,0.0,0.0,0.0
이번 달이랑 지난달 학습 시간을 비교해줘,21.2882,47,39,12.0,3.92,1,4,0.0,1.06,interrogative,present,should,0,0,1,1,work,none,1,person,3,7,2,5,1,1,0,0,1,1,0,1,0,0.0,1,0.0,2,0,1.0,0,0.0,medium,1.0,1.0,0.0,0.0,0.0,0.0,0.0
이번 달이랑 지난달 작업 시간을 비교해줘,21.7818,47,39,12.0,3.92,1,4,0.0,1.06,interrogative,present,should,0,0,1,1,work,none,1,person,3,7,2,5,1,1,0,0,1,1,0,1,0,0.0,1,0.0,2,0,1.0,0,0.0,medium,1.0,1.0,0.0,0.0,0.0,0.0,0.0
여행 갔을 때 평소보다 평균 걸음 수가 얼마나 늘었지?,17.8381,47,39,12.0,3.92,1,4,0.0,1.06,interrogative,present,should,0,0,1,1,travel,none,1,person,3,7,2,5,1,1,0,0,1,1,0,1,0,0.0,1,0.0,2,0,1.0,0,0.0,medium,1.0,1.0,0.0,0.0,0.0,0.0,0.0
여행 갔을 때 평소보다 활동량이 얼마나 늘었지?,27.7023,47,39,12.0,3.92,1,4,0.0,1.06,interrogative,present,should,0,0,1,1,travel,none,1,person,3,7,2,5,1,1,0,0,1,1,0,1,0,0.0,1,0.0,2,0,1.0,0,0.0,medium,1.0,1.0,0.0,0.0,0.0,0.0,0.0
여행 갔을 때 평소보다 이동 거리가 얼마나 늘었지?,22.2324,47,39,12.0,3.92,1,4,0.0,1.06,interrogative,present,should,0,0,1,1,travel,none,1,person,3,7,2,5,1,1,0,0,1,1,0,1,0,0.0,1,0.0,2,0,1.0,0,0.0,medium,1.0,1.0,0.0,0.0,0.0,0.0,0.0
여행 갔을 때 평소보다 칼로리 소모가 얼마나 늘었지?,29.7746,47,39,12.0,3.92,1,4,0.0,1.06,interrogative,present,should,0,0,1,1,travel,none,1,person,3,7,2,5,1,1,0,0,1,1,0,1,0,0.0,1,0.0,2,0,1.0,0,0.0,medium,1.0,1.0,0.0,0.0,0.0,0.0,0.0
지난달에 집에서 보낸 시간과 밖에서 보낸 시간 비교해줘,36.7562,47,39,12.0,3.92,1,4,0.0,1.06,interrogative,present,should,0,0,1,1,lifestyle,none,1,person,3,7,2,5,1,1,0,0,1,1,0,1,0,0.0,1,0.0,2,0,1.0,0,0.0,medium,1.0,1.0,0.0,0.0,0.0,0.0,0.0
지난달에 근무 시간과 여가 시간 비교해줘,21.8848,47,39,12.0,3.92,1,4,0.0,1.06,interrogative,present,should,0,0,1,1,lifestyle,none,1,person,3,7,2,5,1,1,0,0,1,1,0,1,0,0.0,1,0.0,2,0,1.0,0,0.0,medium,1.0,1.0,0.0,0.0,0.0,0.0,0.0
지난달과 이번달 취미생활하는데 쓴 시간 비교해줘,27.537,47,39,12.0,3.92,1,4,0.0,1.06,interrogative,present,should,0,0,1,1,lifestyle,none,1,person,3,7,2,5,1,1,0,0,1,1,0,1,0,0.0,1,0.0,2,0,1.0,0,0.0,medium,1.0,1.0,0.0,0.0,0.0,0.0,0.0
지난달과 이번달에 가장 많이 먹은 음식 비교해줘,36.4351,47,39,12.0,3.92,1,4,0.0,1.06,interrogative,present,should,0,0,1,1,lifestyle,none,1,person,3,7,2,5,1,1,0,0,1,1,0,1,0,0.0,1,0.0,2,0,1.0,0,0.0,medium,1.0,1.0,0.0,0.0,0.0,0.0,0.0
이번 주 요일 별 칼로리 소모량을 순서대로 알려줘,11.356,47,39,12.0,3.92,1,4,0.0,1.06,interrogative,present,should,0,0,1,1,lifestyle,none,1,person,3,7,2,5,1,1,0,0,1,1,0,1,0,0.0,1,0.0,2,0,1.0,0,0.0,medium,1.0,1.0,0.0,0.0,0.0,0.0,0.0
이번 주 날짜 별 칼로리 소모량을 순서대로 알려줘,20.8111,47,39,12.0,3.92,1,4,0.0,1.06,interrogative,present,should,0,0,1,1,lifestyle,none,1,person,3,7,2,5,1,1,0,0,1,1,0,1,0,0.0,1,0.0,2,0,1.0,0,0.0,medium,1.0,1.0,0.0,0.0,0.0,0.0,0.0
이번 주 시간 별 칼로리 소모량을 순서대로 알려줘,23.7308,47,39,12.0,3.92,1,4,0.0,1.06,interrogative,present,should,0,0,1,1,lifestyle,none,1,person,3,7,2,5,1,1,0,0,1,1,0,1,0,0.0,1,0.0,2,0,1.0,0,0.0,medium,1.0,1.0,0.0,0.0,0.0,0.0,0.0
이번 주 활동 별 칼로리 소모량을 순서대로 알려줘,32.4589,47,39,12.0,3.92,1,4,0.0,1.06,interrogative,present,should,0,0,1,1,lifestyle,none,1,person,3,7,2,5,1,1,0,0,1,1,0,1,0,0.0,1,0.0,2,0,1.0,0,0.0,medium,1.0,1.0,0.0,0.0,0.0,0.0,0.0
지난달 카드 결제 내역을 정리해서 가계부로 작성해줘,30.0569,47,39,12.0,3.92,1,4,0.0,1.06,interrogative,present,should,0,0,1,1,finance,none,1,person,3,7,2,5,1,1,0,0,1,1,0,1,0,0.0,1,0.0,2,0,1.0,0,0.0,medium,1.0,1.0,0.0,0.0,0.0,0.0,0.0
지난달 관리비 내역을 정리해서 가계부로 작성해줘,19.4243,47,39,12.0,3.92,1,4,0.0,1.06,interrogative,present,should,0,0,1,1,finance,none,1,person,3,7,2,5,1,1,0,0,1,1,0,1,0,0.0,1,0.0,2,0,1.0,0,0.0,medium,1.0,1.0,0.0,0.0,0.0,0.0,0.0
지난달 저축 금액 내역을 정리해서 가계부로 작성해줘,34.3083,47,39,12.0,3.92,1,4,0.0,1.06,interrogative,present,should,0,0,1,1,finance,none,1,person,3,7,2,5,1,1,0,0,1,1,0,1,0,0.0,1,0.0,2,0,1.0,0,0.0,medium,1.0,1.0,0.0,0.0,0.0,0.0,0.0
지난달 용돈 내역을 정리해서 가계부로 작성해줘,26.1903,47,39,12.0,3.92,1,4,0.0,1.06,interrogative,present,should,0,0,1,1,finance,none,1,person,3,7,2,5,1,1,0,0,1,1,0,1,0,0.0,1,0.0,2,0,1.0,0,0.0,medium,1.0,1.0,0.0,0.0,0.0,0.0,0.0
작년 이맘때쯤 자주 들었던 음악 리스트 만들어줘,18.1467,47,39,12.0,3.92,1,4,0.0,1.06,interrogative,present,should,0,0,1,1,entertainment,none,1,person,3,7,2,5,1,1,0,0,1,1,0,1,0,0.0,1,0.0,2,0,1.0,0,0.0,medium,1.0,1.0,0.0,0.0,0.0,0.0,0.0
작년 이맘때쯤 자주 시청한 영상 리스트 만들어줘,32.5002,47,39,12.0,3.92,1,4,0.0,1.06,interrogative,present,should,0,0,1,1,entertainment,none,1,person,3,7,2,5,1,1,0,0,1,1,0,1,0,0.0,1,0.0,2,0,1.0,0,0.0,medium,1.0,1.0,0.0,0.0,0.0,0.0,0.0
작년 이맘때쯤 자주 플레이한 게임 리스트 만들어줘,17.6907,47,39,12.0,3.92,1,4,0.0,1.06,interrogative,present,should,0,0,1,1,entertainment,none,1,person,3,7,2,5,1,1,0,0,1,1,0,1,0,0.0,1,0.0,2,0,1.0,0,0.0,medium,1.0,1.0,0.0,0.0,0.0,0.0,0.0
작년 이맘때쯤 자주 읽은 책 리스트 만들어줘,20.6366,47,39,12.0,3.92,1,4,0.0,1.06,interrogative,present,should,0,0,1,1,entertainment,none,1,person,3,7,2,5,1,1,0,0,1,1,0,1,0,0.0,1,0.0,2,0,1.0,0,0.0,medium,1.0,1.0,0.0,0.0,0.0,0.0,0.0
어제 친구들과 단체 메신저 방에서 나눈 대화 내용을 요약해줘,21.3406,47,39,12.0,3.92,1,4,0.0,1.06,interrogative,present,should,0,0,1,1,communication,none,1,person,3,7,2,5,1,1,0,0,1,1,0,1,0,0.0,1,0.0,2,0,1.0,0,0.0,medium,1.0,1.0,0.0,0.0,0.0,0.0,0.0
어제 가족들과 단체 메신저 방에서 나눈 대화 내용을 요약해줘,18.0877,47,39,12.0,3.92,1,4,0.0,1.06,interrogative,present,should,0,0,1,1,communication,none,1,person,3,7,2,5,1,1,0,0,1,1,0,1,0,0.0,1,0.0,2,0,1.0,0,0.0,medium,1.0,1.0,0.0,0.0,0.0,0.0,0.0
어제 팀원들과 단체 메신저 방에서 나눈 대화 내용을 요약해줘,24.9038,47,39,12.0,3.92,1,4,0.0,1.06,interrogative,present,should,0,0,1,1,communication,none,1,person,3,7,2,5,1,1,0,0,1,1,0,1,0,0.0,1,0.0,2,0,1.0,0,0.0,medium,1.0,1.0,0.0,0.0,0.0,0.0,0.0
어제 동료들과 단체 메신저 방에서 나눈 대화 내용을 요약해줘,21.806,47,39,12.0,3.92,1,4,0.0,1.06,interrogative,present,should,0,0,1,1,communication,none,1,person,3,7,2,5,1,1,0,0,1,1,0,1,0,0.0,1,0.0,2,0,1.0,0,0.0,medium,1.0,1.0,0.0,0.0,0.0,0.0,0.0
이번주 마트에서 사야하는 물건 찍어둔 것 다 모아서 쇼핑리스트 만들어줘,22.965,47,39,12.0,3.92,1,4,0.0,1.06,interrogative,present,should,0,0,1,1,shopping,none,1,person,3,7,2,5,1,1,0,0,1,1,0,1,0,0.0,1,0.0,2,0,1.0,0,0.0,medium,1.0,1.0,0.0,0.0,0.0,0.0,0.0
이번주 다이소에서 사야하는 물건 찍어둔 것 다 모아서 쇼핑리스트 만들어줘,35.0526,47,39,12.0,3.92,1,4,0.0,1.06,interrogative,present,should,0,0,1,1,shopping,none,1,person,3,7,2,5,1,1,0,0,1,1,0,1,0,0.0,1,0.0,2,0,1.0,0,0.0,medium,1.0,1.0,0.0,0.0,0.0,0.0,0.0
이번주 올리브영에서 사야하는 물건 찍어둔 것 다 모아서 쇼핑리스트 만들어줘,21.6875,47,39,12.0,3.92,1,4,0.0,1.06,interrogative,present,should,0,0,1,1,shopping,none,1,person,3,7,2,5,1,1,0,0,1,1,0,1,0,0.0,1,0.0,2,0,1.0,0,0.0,medium,1.0,1.0,0.0,0.0,0.0,0.0,0.0
이번주 편의점에서 사야하는 물건 찍어둔 것 다 모아서 쇼핑리스트 만들어줘,21.0415,47,39,12.0,3.92,1,4,0.0,1.06,interrogative,present,should,0,0,1,1,shopping,none,1,person,3,7,2,5,1,1,0,0,1,1,0,1,0,0.0,1,0.0,2,0,1.0,0,0.0,medium,1.0,1.0,0.0,0.0,0.0,0.0,0.0
지난달에 정리한 강의노트를 한 장으로 요약 정리해줘,26.5597,47,39,12.0,3.92,1,4,0.0,1.06,interrogative,present,should,0,0,1,1,education,none,1,person,3,7,2,5,1,1,0,0,1,1,0,1,0,0.0,1,0.0,2,0,1.0,0,0.0,medium,1.0,1.0,0.0,0.0,0.0,0.0,0.0
지난달에 작성한 업무노트를 한 장으로 요약 정리해줘,32.4549,47,39,12.0,3.92,1,4,0.0,1.06,interrogative,present,should,0,0,1,1,education,none,1,person,3,7,2,5,1,1,0,0,1,1,0,1,0,0.0,1,0.0,2,0,1.0,0,0.0,medium,1.0,1.0,0.0,0.0,0.0,0.0,0.0
지난달에 녹음한 회의록을 한 장으로 요약 정리해줘,46.0703,42,34,15.0,2.8,1,3,0.0,0.3571,declarative,past,must,0,0,1,0,summary,none,0,none,5,8,3,1,0,0,0,0,0,0,absolute,5,0,0.0,5,3.0,4,3,1.0,2,0.0,2,2.0,0.0,0.0,0.0,0.0,4.0,0.0
지난달에 촬영한 메모를 한 장으로 요약 정리해줘,40.983,41,34,15.0,2.73,1,3,0.0,0.3659,declarative,past,must,0,0,1,0,summary,none,0,none,5,8,3,1,0,0,0,0,0,0,absolute,5,0,0.0,5,3.0,4,3,1.0,2,0.0,2,2.0,0.0,0.0,0.0,0.0,4.0,0.0
스페인 여행에서 내가 갔던 곳 모두 정리해서 알려줘,27.994,41,34,15.0,2.73,1,3,0.0,0.3659,declarative,past,must,0,0,1,0,travel,none,0,none,5,8,3,1,0,0,0,0,0,0,absolute,5,0,0.0,5,3.0,4,3,1.0,2,0.0,2,2.0,0.0,0.0,0.0,0.0,4.0,0.0
여름휴가 동안 내가 갔던 곳 모두 정리해서 알려줘,23.1966,43,36,15.0,2.87,1,3,0.0,0.3721,declarative,past,must,0,0,1,0,travel,none,0,none,5,8,3,1,0,0,0,0,0,0,absolute,5,0,0.0,5,3.0,4,3,1.0,2,0.0,2,2.0,0.0,0.0,0.0,0.0,4.0,0.0
지난 주말에 내가 갔던 곳 모두 정리해서 알려줘,19.0671,37,30,15.0,2.47,1,3,0.0,0.5135,declarative,past,must,0,0,1,0,travel,none,0,none,5,8,3,1,0,0,0,0,0,0,absolute,5,0,0.0,5,3.0,4,3,1.0,2,0.0,2,2.0,0.0,0.0,0.0,0.0,4.0,0.0
가족 여행으로 내가 갔던 곳 모두 정리해서 알려줘,48.7953,42,35,15.0,2.8,1,3,0.0,0.3571,declarative,past,must,0,0,1,0,travel,none,0,none,5,8,3,1,0,0,0,0,0,0,absolute,5,0,0.0,5,3.0,4,3,1.0,2,0.0,2,2.0,0.0,0.0,0.0,0.0,4.0,0.0
가족 단체 사진만 모두 모아서 영상으로 만들어줘,81.7913,44,37,15.0,2.93,1,3,0.0,0.4,imperative,present,must,0,0,1,0,media,none,0,none,5,8,3,1,0,0,0,0,0,0,absolute,5,0,0.0,5,3.0,4,3,1.0,2,0.0,2,2.0,0.0,0.0,0.0,0.0,4.0,0.0
반려동물 사진만 모두 모아서 영상으로 만들어줘,50.5136,45,38,15.0,2.93,1,3,0.0,0.4,imperative,present,must,0,0,1,0,media,none,0,none,5,8,3,1,0,0,0,0,0,0,absolute,5,0,0.0,5,3.0,4,3,1.0,2,0.0,2,2.0,0.0,0.0,0.0,0.0,4.0,0.0
내 증명 사진만 모두 모아서 영상으로 만들어줘,66.8085,44,37,15.0,2.93,1,3,0.0,0.4,imperative,present,must,0,0,1,0,media,none,0,none,5,8,3,1,0,0,0,0,0,0,absolute,5,0,0.0,5,3.0,4,3,1.0,2,0.0,2,2.0,0.0,0.0,0.0,0.0,4.0,0.0
친구들과 사진만 모두 모아서 영상으로 만들어줘,91.1981,44,37,15.0,2.93,1,3,0.0,0.4,imperative,present,must,0,0,1,0,media,none,0,none,5,8,3,1,0,0,0,0,0,0,absolute,5,0,0.0,5,3.0,4,3,1.0,2,0.0,2,2.0,0.0,0.0,0.0,0.0,4.0,0.0
만보 정도 걸을 수 있는 한강 산책 코스 추천해줘,14.7629,48,41,15.0,2.73,1,3,0.0,0.3659,imperative,present,must,0,0,1,0,exercise,none,0,none,5,8,3,1,0,0,0,0,0,0,absolute,5,0,0.0,5,3.0,4,3,1.0,2,0.0,2,2.0,0.0,0.0,0.0,0.0,4.0,0.0
만보 정도 걸을 수 있는 동네 산책 코스 추천해줘,14.4268,48,41,15.0,2.73,1,3,0.0,0.3659,imperative,present,must,0,0,1,0,exercise,none,0,none,5,8,3,1,0,0,0,0,0,0,absolute,5,0,0.0,5,3.0,4,3,1.0,2,0.0,2,2.0,0.0,0.0,0.0,0.0,4.0,0.0
만보 정도 걸을 수 있는 공원 산책로 추천해줘,18.6808,48,41,15.0,2.73,1,3,0.0,0.3659,imperative,present,must,0,0,1,0,exercise,none,0,none,5,8,3,1,0,0,0,0,0,0,absolute,5,0,0.0,5,3.0,4,3,1.0,2,0.0,2,2.0,0.0,0.0,0.0,0.0,4.0,0.0
만보 정도 걸을 수 있는 해변 산책로 추천해줘,17.9301,48,41,15.0,2.73,1,3,0.0,0.3659,imperative,present,must,0,0,1,0,exercise,none,0,none,5,8,3,1,0,0,0,0,0,0,absolute,5,0,0.0,5,3.0,4,3,1.0,2,0.0,2,2.0,0.0,0.0,0.0,0.0,4.0,0.0
10만원 정도 가격대로 갈 만한 집 근처 술집 찾아줘,14.7395,48,41,15.0,2.73,1,3,0.0,0.3659,imperative,present,must,0,0,1,0,food,none,0,none,5,8,3,1,0,0,0,0,0,0,absolute,5,0,0.0,5,3.0,4,3,1.0,2,0.0,2,2.0,0.0,0.0,0.0,0.0,4.0,0.0
10만원 정도 가격대로 갈 만한 집 근처 식당 찾아줘,24.9278,48,41,15.0,2.73,1,3,0.0,0.3659,imperative,present,must,0,0,1,0,food,none,0,none,5,8,3,1,0,0,0,0,0,0,absolute,5,0,0.0,5,3.0,4,3,1.0,2,0.0,2,2.0,0.0,0.0,0.0,0.0,4.0,0.0
10만원 정도 가격대로 갈 만한 집 근처 카페 찾아줘,16.5807,48,41,15.0,2.73,1,3,0.0,0.3659,imperative,present,must,0,0,1,0,food,none,0,none,5,8,3,1,0,0,0,0,0,0,absolute,5,0,0.0,5,3.0,4,3,1.0,2,0.0,2,2.0,0.0,0.0,0.0,0.0,4.0,0.0
10만원 정도 가격대로 갈 만한 집 근처 펜션 찾아줘,24.5787,48,41,15.0,2.73,1,3,0.0,0.3659,imperative,present,must,0,0,1,0,food,none,0,none,5,8,3,1,0,0,0,0,0,0,absolute,5,0,0.0,5,3.0,4,3,1.0,2,0.0,2,2.0,0.0,0.0,0.0,0.0,4.0,0.0
블랙핑크 '뛰어' 랑 비슷한 느낌의 노래 추천해줘,12.4405,53,46,15.0,2.93,1,3,0.0,0.4,imperative,present,must,0,0,1,0,music,none,0,none,5,8,3,1,0,0,0,0,0,0,absolute,5,0,0.0,5,3.0,4,3,1.0,2,0.0,2,2.0,0.0,0.0,0.0,0.0,4.0,0.0
영화 '귀멸의 칼날: 무한성 편'이랑 비슷한 느낌의 영화 추천해줘,12.1376,61,54,15.0,2.93,1,3,0.0,0.4,imperative,present,must,0,0,1,0,media,none,0,none,5,8,3,1,0,0,0,0,0,0,absolute,5,0,0.0,5,3.0,4,3,1.0,2,0.0,2,2.0,0.0,0.0,0.0,0.0,4.0,0.0
드라마 '오징어게임'이랑 비슷한 느낌의 드라마 추천해줘,26.245,61,54,15.0,2.93,1,3,0.0,0.4,imperative,present,must,0,0,1,0,media,none,0,none,5,8,3,1,0,0,0,0,0,0,absolute,5,0,0.0,5,3.0,4,3,1.0,2,0.0,2,2.0,0.0,0.0,0.0,0.0,4.0,0.0
책 '스토너'랑 비슷한 느낌의 책 추천해줘,24.9037,54,47,15.0,2.93,1,3,0.0,0.4,imperative,present,must,0,0,1,0,media,none,0,none,5,8,3,1,0,0,0,0,0,0,absolute,5,0,0.0,5,3.0,4,3,1.0,2,0.0,2,2.0,0.0,0.0,0.0,0.0,4.0,0.0
지난번 두산이가 말했던 식당이랑 비슷한 곳 찾아줘,26.4361,54,47,15.0,2.93,1,3,0.0,0.4,imperative,present,must,0,0,1,0,food,none,0,none,5,8,3,1,0,0,0,0,0,0,absolute,5,0,0.0,5,3.0,4,3,1.0,2,0.0,2,2.0,0.0,0.0,0.0,0.0,4.0,0.0
지난번 두산이가 말했던 카페랑 비슷한 곳 찾아줘,24.0292,54,47,15.0,2.93,1,3,0.0,0.4,imperative,present,must,0,0,1,0,food,none,0,none,5,8,3,1,0,0,0,0,0,0,absolute,5,0,0.0,5,3.0,4,3,1.0,2,0.0,2,2.0,0.0,0.0,0.0,0.0,4.0,0.0
지난번 두산이가 말했던 나들이 장소랑 비슷한 곳 찾아줘,19.9965,54,47,15.0,2.93,1,3,0.0,0.4,imperative,present,must,0,0,1,0,travel,none,0,none,5,8,3,1,0,0,0,0,0,0,absolute,5,0,0.0,5,3.0,4,3,1.0,2,0.0,2,2.0,0.0,0.0,0.0,0.0,4.0,0.0
지난번 두산이가 말했던 여행지랑 비슷한 곳 찾아줘,21.7256,54,47,15.0,2.93,1,3,0.0,0.4,imperative,present,must,0,0,1,0,travel,none,0,none,5,8,3,1,0,0,0,0,0,0,absolute,5,0,0.0,5,3.0,4,3,1.0,2,0.0,2,2.0,0.0,0.0,0.0,0.0,4.0,0.0
이 사진에 있는 신발이랑 비슷한 디자인 찾아줘,21.4302,44,37,15.0,2.93,1,3,0.0,0.4,imperative,present,must,0,0,1,0,fashion,none,0,none,5,8,3,1,0,0,0,0,0,0,absolute,5,0,0.0,5,3.0,4,3,1.0,2,0.0,2,2.0,0.0,0.0,0.0,0.0,4.0,0.0
이 사진에 있는 티셔츠랑 비슷한 디자인 찾아줘,23.3894,44,37,15.0,2.93,1,3,0.0,0.4,imperative,present,must,0,0,1,0,fashion,none,0,none,5,8,3,1,0,0,0,0,0,0,absolute,5,0,0.0,5,3.0,4,3,1.0,2,0.0,2,2.0,0.0,0.0,0.0,0.0,4.0,0.0
이 사진에 있는 가구랑 비슷한 디자인 찾아줘,9.9031,44,37,15.0,2.93,1,3,0.0,0.4,imperative,present,must,0,0,1,0,fashion,none,0,none,5,8,3,1,0,0,0,0,0,0,absolute,5,0,0.0,5,3.0,4,3,1.0,2,0.0,2,2.0,0.0,0.0,0.0,0.0,4.0,0.0
이 사진에 있는 액세서리랑 비슷한 디자인 찾아줘,34.4119,44,37,15.0,2.93,1,3,0.0,0.4,imperative,present,must,0,0,1,0,fashion,none,0,none,5,8,3,1,0,0,0,0,0,0,absolute,5,0,0.0,5,3.0,4,3,1.0,2,0.0,2,2.0,0.0,0.0,0.0,0.0,4.0,0.0
이 노트에 있는 내용과 관련된 유튜브 찾아줘,32.3092,49,42,15.0,2.93,1,3,0.0,0.4,imperative,present,must,0,0,1,0,media,none,0,none,5,8,3,1,0,0,0,0,0,0,absolute,5,0,0.0,5,3.0,4,3,1.0,2,0.0,2,2.0,0.0,0.0,0.0,0.0,4.0,0.0
이 논문에 있는 내용과 관련된 강의 영상 찾아줘,39.9892,53,46,15.0,2.93,1,3,0.0,0.4,imperative,present,must,0,0,1,0,media,none,0,none,5,8,3,1,0,0,0,0,0,0,absolute,5,0,0.0,5,3.0,4,3,1.0,2,0.0,2,2.0,0.0,0.0,0.0,0.0,4.0,0.0
이 회의록에 있는 내용과 관련된 뉴스 찾아줘,19.6215,48,41,15.0,2.73,1,3,0.0,0.3659,imperative,present,must,0,0,1,0,media,none,0,none,5,8,3,1,0,0,0,0,0,0,absolute,5,0,0.0,5,3.0,4,3,1.0,2,0.0,2,2.0,0.0,0.0,0.0,0.0,4.0,0.0
이 메모에 있는 내용과 관련된 자료 찾아줘,24.0666,48,41,15.0,2.73,1,3,0.0,0.3659,imperative,present,must,0,0,1,0,media,none,0,none,5,8,3,1,0,0,0,0,0,0,absolute,5,0,0.0,5,3.0,4,3,1.0,2,0.0,2,2.0,0.0,0.0,0.0,0.0,4.0,0.0
지난달에 갔던 캠핑장과 비슷한 곳 찾아줘,27.9766,48,41,15.0,2.73,1,3,0.0,0.3659,imperative,present,must,0,0,1,0,travel,none,0,none,5,8,3,1,0,0,0,0,0,0,absolute,5,0,0.0,5,3.0,4,3,1.0,2,0.0,2,2.0,0.0,0.0,0.0,0.0,4.0,0.0
지난달에 갔던 공원과 비슷한 곳 찾아줘,18.1948,48,41,15.0,2.73,1,3,0.0,0.3659,imperative,present,must,0,0,1,0,travel,none,0,none,5,8,3,1,0,0,0,0,0,0,absolute,5,0,0.0,5,3.0,4,3,1.0,2,0.0,2,2.0,0.0,0.0,0.0,0.0,4.0,0.0
지난달에 갔던 수목원과 비슷한 곳 찾아줘,17.8119,48,41,15.0,2.73,1,3,0.0,0.3659,imperative,present,must,0,0,1,0,travel,none,0,none,5,8,3,1,0,0,0,0,0,0,absolute,5,0,0.0,5,3.0,4,3,1.0,2,0.0,2,2.0,0.0,0.0,0.0,0.0,4.0,0.0
지난달에 갔던 나들이 장소와 비슷한 곳 찾아줘,37.8376,48,41,15.0,2.73,1,3,0.0,0.3659,imperative,present,must,0,0,1,0,travel,none,0,none,5,8,3,1,0,0,0,0,0,0,absolute,5,0,0.0,5,3.0,4,3,1.0,2,0.0,2,2.0,0.0,0.0,0.0,0.0,4.0,0.0
사진에 있는 이런 가방을 구경해 볼 수 있는 곳 찾아줘,18.7553,51,44,15.0,2.93,1,3,0.0,0.4,imperative,present,must,0,0,1,0,fashion,none,0,none,5,8,3,1,0,0,0,0,0,0,absolute,5,0,0.0,5,3.0,4,3,1.0,2,0.0,2,2.0,0.0,0.0,0.0,0.0,4.0,0.0
사진에 있는 이런 소파를 구경해 볼 수 있는 곳 찾아줘,20.5872,51,44,15.0,2.93,1,3,0.0,0.4,imperative,present,must,0,0,1,0,fashion,none,0,none,5,8,3,1,0,0,0,0,0,0,absolute,5,0,0.0,5,3.0,4,3,1.0,2,0.0,2,2.0,0.0,0.0,0.0,0.0,4.0,0.0
사진에 있는 이런 식탁을 구경해 볼 수 있는 곳 찾아줘,32.2836,51,44,15.0,2.93,1,3,0.0,0.4,imperative,present,must,0,0,1,0,fashion,none,0,none,5,8,3,1,0,0,0,0,0,0,absolute,5,0,0.0,5,3.0,4,3,1.0,2,0.0,2,2.0,0.0,0.0,0.0,0.0,4.0,0.0
사진에 있는 이런 인테리어 장식을 구경해 볼 수 있는 곳 찾아줘,19.7669,51,44,15.0,2.93,1,3,0.0,0.4,imperative,present,must,0,0,1,0,fashion,none,0,none,5,8,3,1,0,0,0,0,0,0,absolute,5,0,0.0,5,3.0,4,3,1.0,2,0.0,2,2.0,0.0,0.0,0.0,0.0,4.0,0.0
오늘 목표 걸음수를 채울 수 있는 코스 추천해줘,22.0324,48,41,15.0,2.73,1,3,0.0,0.3659,imperative,present,must,0,0,1,0,exercise,none,0,none,5,8,3,1,0,0,0,0,0,0,absolute,5,0,0.0,5,3.0,4,3,1.0,2,0.0,2,2.0,0.0,0.0,0.0,0.0,4.0,0.0
지금 근처에서 할 수 있는 운동 추천해줘,13.1321,44,37,15.0,2.93,1,3,0.0,0.4,imperative,present,must,0,0,1,0,exercise,none,0,none,5,8,3,1,0,0,0,0,0,0,absolute,5,0,0.0,5,3.0,4,3,1.0,2,0.0,2,2.0,0.0,0.0,0.0,0.0,4.0,0.0
오늘 목표 칼로리를 달성 할 수 있는 운동 추천해줘,10.5821,57,50,15.0,2.93,1,3,0.0,0.4,imperative,present,must,0,0,1,0,exercise,none,0,none,5,8,3,1,0,0,0,0,0,0,absolute,5,0,0.0,5,3.0,4,3,1.0,2,0.0,2,2.0,0.0,0.0,0.0,0.0,4.0,0.0
오늘같은 날씨에 하면 좋을 운동 추천해줘,12.9894,53,46,15.0,2.93,1,3,0.0,0.4,imperative,present,must,0,0,1,0,exercise,none,0,none,5,8,3,1,0,0,0,0,0,0,absolute,5,0,0.0,5,3.0,4,3,1.0,2,0.0,2,2.0,0.0,0.0,0.0,0.0,4.0,0.0
지금 여기 아울렛에서 할인되는 카드 추천해줘,15.8561,52,45,15.0,2.93,1,3,0.0,0.4,imperative,present,must,0,0,1,0,shopping,none,0,none,5,8,3,1,0,0,0,0,0,0,absolute,5,0,0.0,5,3.0,4,3,1.0,2,0.0,2,2.0,0.0,0.0,0.0,0.0,4.0,0.0
지금 여기 백화점에서 할인되는 카드 추천해줘,17.9164,52,45,15.0,2.93,1,3,0.0,0.4,imperative,present,must,0,0,1,0,shopping,none,0,none,5,8,3,1,0,0,0,0,0,0,absolute,5,0,0.0,5,3.0,4,3,1.0,2,0.0,2,2.0,0.0,0.0,0.0,0.0,4.0,0.0
지금 여기 식당에서 할인되는 카드 추천해줘,17.2717,52,45,15.0,2.93,1,3,0.0,0.4,imperative,present,must,0,0,1,0,shopping,none,0,none,5,8,3,1,0,0,0,0,0,0,absolute,5,0,0.0,5,3.0,4,3,1.0,2,0.0,2,2.0,0.0,0.0,0.0,0.0,4.0,0.0
지금 여기 카페에서 할인되는 카드 추천해줘,14.4256,52,45,15.0,2.93,1,3,0.0,0.4,imperative,present,must,0,0,1,0,shopping,none,0,none,5,8,3,1,0,0,0,0,0,0,absolute,5,0,0.0,5,3.0,4,3,1.0,2,0.0,2,2.0,0.0,0.0,0.0,0.0,4.0,0.0
출퇴근 시간에 볼 만한 영상 추천해줘,18.0612,38,32,12.0,3.17,1,1,0.0,0.316,interrogative,present,should,0,0,1,1,entertainment,none,1,location,5,5,0,1,1,0,0,absolute,5,any,0,3,2,3.0,neutral,0.0,0.84,3,3.0,medium,2.0,2,0.0,0.0,1.0,4.0,0.0,2.0,0.0
공부할 때에 들으면 좋은 노래 추천해줘,14.1756,38,32,12.0,3.17,1,1,0.0,0.316,interrogative,present,should,0,0,1,1,music,none,1,none,5,5,0,1,1,0,0,absolute,5,any,0,2,2,3.0,neutral,0.0,0.84,3,3.0,medium,2.0,2,0.0,0.0,1.0,4.0,0.0,2.0,0.0
운동 중에 즐길 만한 콘텐츠 추천해줘,17.051,38,32,12.0,3.17,1,1,0.0,0.316,interrogative,present,should,0,0,1,1,entertainment,none,1,none,5,5,0,1,1,0,0,absolute,5,any,0,3,2,3.0,neutral,0.0,0.84,3,3.0,medium,2.0,2,0.0,0.0,1.0,4.0,0.0,2.0,0.0
휴식 시간에 읽기 좋은 책 추천해줘,12.775,38,32,12.0,3.17,1,1,0.0,0.316,interrogative,present,should,0,0,1,1,literature,none,1,none,5,5,0,1,1,0,0,absolute,5,any,0,2,2,3.0,neutral,0.0,0.84,3,3.0,medium,2.0,2,0.0,0.0,1.0,4.0,0.0,2.0,0.0
지금 대화 중인 친구들과 갈 만한 식당 찾아줘,18.7958,43,36,14.0,3.07,1,1,0.0,0.325,interrogative,present,should,0,0,1,1,food,none,1,location,5,5,0,1,1,0,0,absolute,5,any,0,3,2,3.0,neutral,0.0,0.84,3,3.0,medium,2.0,2,0.0,0.0,1.0,4.0,0.0,2.0,0.0
지금 대화 중인 친구들과 갈 만한 카페 찾아줘,19.255,43,36,14.0,3.07,1,1,0.0,0.325,interrogative,present,should,0,0,1,1,food,none,1,location,5,5,0,1,1,0,0,absolute,5,any,0,3,2,3.0,neutral,0.0,0.84,3,3.0,medium,2.0,2,0.0,0.0,1.0,4.0,0.0,2.0,0.0
지금 대화 중인 친구들과 갈 만한 펍 찾아줘,22.1998,43,36,14.0,3.07,1,1,0.0,0.325,interrogative,present,should,0,0,1,1,food,none,1,location,5,5,0,1,1,0,0,absolute,5,any,0,3,2,3.0,neutral,0.0,0.84,3,3.0,medium,2.0,2,0.0,0.0,1.0,4.0,0.0,2.0,0.0
지금 대화 중인 친구들과 갈 만한 노래방 찾아줘,12.8402,43,36,14.0,3.07,1,1,0.0,0.325,interrogative,present,should,0,0,1,1,entertainment,none,1,location,5,5,0,1,1,0,0,absolute,5,any,0,3,2,3.0,neutral,0.0,0.84,3,3.0,medium,2.0,2,0.0,0.0,1.0,4.0,0.0,2.0,0.0
지금 내가 갖고 있는 멤버십 중에 여기 백화점에서 할인되는 멤버십 찾아줘,25.0356,66,58,24.0,2.75,1,1,0.0,0.378,interrogative,present,should,0,0,1,1,shopping,none,1,none,5,5,0,1,1,0,0,absolute,5,any,0,4,3,4.0,neutral,0.0,0.84,3,3.0,large,2.0,2,0.0,0.0,1.0,4.0,0.0,2.0,0.0
지금 내가 갖고 있는 쿠폰 중에 여기 마트에서 할인되는 쿠폰 찾아줘,18.4119,61,53,21.0,2.9,1,1,0.0,0.378,interrogative,present,should,0,0,1,1,shopping,none,1,none,5,5,0,1,1,0,0,absolute,5,any,0,3,2,3.0,neutral,0.0,0.84,3,3.0,medium,2.0,2,0.0,0.0,1.0,4.0,0.0,2.0,0.0
지금 내가 갖고 있는 카드 중에 여기 아울렛에서 할인되는 카드 찾아줘,28.7196,66,58,24.0,2.75,1,1,0.0,0.378,interrogative,present,should,0,0,1,1,shopping,none,1,none,5,5,0,1,1,0,0,absolute,5,any,0,4,3,4.0,neutral,0.0,0.84,3,3.0,large,2.0,2,0.0,0.0,1.0,4.0,0.0,2.0,0.0
지금 내가 갖고 있는 카드 중에 여기 온라인쇼핑몰에서 할인되는 카드 찾아줘,19.6738,66,58,24.0,2.75,1,1,0.0,0.378,interrogative,present,should,0,0,1,1,shopping,none,1,none,5,5,0,1,1,0,0,absolute,5,any,0,3,2,3.0,neutral,0.0,0.84,3,3.0,large,2.0,2,0.0,0.0,1.0,4.0,0.0,2.0,0.0
지금 30분 정도 여유 시간에 볼만한 도서 추천해줘,10.3147,43,36,14.0,3.07,1,1,0.0,0.325,interrogative,present,should,0,0,1,1,literature,none,1,none,5,5,0,1,1,0,0,absolute,5,any,0,2,2,3.0,neutral,0.0,0.84,3,3.0,medium,2.0,2,0.0,0.0,1.0,4.0,0.0,2.0,0.0
지금 30분 정도 여유 시간에 볼만한 한국사 강의 추천해줘,17.7394,51,44,17.0,3.0,1,1,0.0,0.325,interrogative,present,should,0,0,1,1,education,none,1,none,5,5,0,1,1,0,0,absolute,5,any,0,3,2,3.0,neutral,0.0,0.84,3,3.0,medium,2.0,2,0.0,0.0,1.0,4.0,0.0,2.0,0.0
지금 30분 정도 여유 시간에 볼만한 자기 계발 영상 추천해줘,15.1364,51,44,17.0,3.0,1,1,0.0,0.325,interrogative,present,should,0,0,1,1,self-development,none,1,none,5,5,0,1,1,0,0,absolute,5,any,0,3,2,3.0,neutral,0.0,0.84,3,3.0,medium,2.0,2,0.0,0.0,1.0,4.0,0.0,2.0,0.0
지금 30분 정도 여유 시간에 볼만한 다큐멘터리 추천해줘,18.6942,51,44,17.0,3.0,1,1,0.0,0.325,interrogative,present,should,0,0,1,1,entertainment,none,1,none,5,5,0,1,1,0,0,absolute,5,any,0,3,2,3.0,neutral,0.0,0.84,3,3.0,medium,2.0,2,0.0,0.0,1.0,4.0,0.0,2.0,0.0
현재 위치에서 걸어서 갈 수 있는 맛집 리스트 보여줘,18.3592,47,41,15.0,3.13,1,1,0.0,0.325,interrogative,present,should,0,0,1,1,food,none,1,location,5,5,0,1,1,0,0,absolute,5,any,0,3,2,3.0,neutral,0.0,0.84,3,3.0,medium,2.0,2,0.0,0.0,1.0,4.0,0.0,2.0,0.0
현재 위치에서 걸어서 갈 수 있는 카페 리스트 보여줘,18.4366,47,41,15.0,3.13,1,1,0.0,0.325,interrogative,present,should,0,0,1,1,food,none,1,location,5,5,0,1,1,0,0,absolute,5,any,0,3,2,3.0,neutral,0.0,0.84,3,3.0,medium,2.0,2,0.0,0.0,1.0,4.0,0.0,2.0,0.0
현재 위치에서 걸어서 갈 수 있는 가볼만한 곳 리스트 보여줘,23.8414,47,41,15.0,3.13,1,1,0.0,0.325,interrogative,present,should,0,0,1,1,tourism,none,1,location,5,5,0,1,1,0,0,absolute,5,any,0,3,2,3.0,neutral,0.0,0.84,3,3.0,medium,2.0,2,0.0,0.0,1.0,4.0,0.0,2.0,0.0
현재 위치에서 걸어서 갈 수 있는 오프라인 쇼핑몰 리스트 보여줘,17.871,47,41,15.0,3.13,1,1,0.0,0.325,interrogative,present,should,0,0,1,1,shopping,none,1,location,5,5,0,1,1,0,0,absolute,5,any,0,3,2,3.0,neutral,0.0,0.84,3,3.0,medium,2.0,2,0.0,0.0,1.0,4.0,0.0,2.0,0.0
오늘 날씨에 적합한 패션 스타일 추천해줘,10.6296,38,32,12.0,3.17,1,1,0.0,0.316,interrogative,present,should,0,0,1,1,fashion,none,1,none,5,5,0,1,1,0,0,absolute,5,any,0,2,2,3.0,neutral,0.0,0.84,3,3.0,medium,2.0,2,0.0,0.0,1.0,4.0,0.0,2.0,0.0
오늘 출장지에 적합한 패션 스타일 추천해줘,22.7296,43,36,14.0,3.07,1,1,0.0,0.325,interrogative,present,should,0,0,1,1,fashion,none,1,none,5,5,0,1,1,0,0,absolute,5,any,0,3,2,3.0,neutral,0.0,0.84,3,3.0,medium,2.0,2,0.0,0.0,1.0,4.0,0.0,2.0,0.0
오늘 저녁 약속에 적합한 패션 스타일 추천해줘,19.0553,43,36,14.0,3.07,1,1,0.0,0.325,interrogative,present,should,0,0,1,1,fashion,none,1,none,5,5,0,1,1,0,0,absolute,5,any,0,3,2,3.0,neutral,0.0,0.84,3,3.0,medium,2.0,2,0.0,0.0,1.0,4.0,0.0,2.0,0.0
이번 주말에 뭐 입으면 좋을지 추천해줘,17.5808,39,33,13.0,3.0,1,1,0.0,0.325,interrogative,present,should,0,0,1,1,fashion,none,1,none,5,5,0,1,1,0,0,absolute,5,any,0,3,2,3.0,neutral,0.0,0.84,3,3.0,medium,2.0,2,0.0,0.0,1.0,4.0,0.0,2.0,0.0
내가 자주 먹는 음식을 분석해서 늦은 밤에 먹기 좋은 건강식 추천해줘,26.025,56,49,20.0,2.8,1,1,0.0,0.378,interrogative,present,should,0,0,1,1,food,none,1,none,5,5,0,1,1,0,0,absolute,5,any,0,4,3,4.0,neutral,0.0,0.84,3,3.0,large,2.0,2,0.0,0.0,1.0,4.0,0.0,2.0,0.0
내가 자주 먹는 음식을 분석해서 아침에 먹기 좋은 간편식 추천해줘,13.3468,56,49,20.0,2.8,1,1,0.0,0.378,interrogative,present,should,0,0,1,1,food,none,1,none,5,5,0,1,1,0,0,absolute,5,any,0,3,2,3.0,neutral,0.0,0.84,3,3.0,large,2.0,2,0.0,0.0,1.0,4.0,0.0,2.0,0.0
내가 자주 먹는 음식을 분석해서 운동 후 먹기 좋은 음식 추천해줘,12.6053,56,49,20.0,2.8,1,1,0.0,0.378,interrogative,present,should,0,0,1,1,food,none,1,none,5,5,0,1,1,0,0,absolute,5,any,0,3,2,3.0,neutral,0.0,0.84,3,3.0,large,2.0,2,0.0,0.0,1.0,4.0,0.0,2.0,0.0
내가 자주 먹는 음식을 분석해서 다이어트할 때 먹기 좋은 음식 추천해줘,28.1394,56,49,20.0,2.8,1,1,0.0,0.378,interrogative,present,should,0,0,1,1,food,none,1,none,5,5,0,1,1,0,0,absolute,5,any,0,4,3,4.0,neutral,0.0,0.84,3,3.0,large,2.0,2,0.0,0.0,1.0,4.0,0.0,2.0,0.0
커피값 많이 쓰는 나한테 맞는 원두 구독 서비스 추천해줄래?,24.8223,56,49,20.0,2.8,1,1,0.0,0.378,interrogative,present,should,0,0,1,1,subscription,none,1,none,5,5,0,1,1,0,0,absolute,5,any,0,4,3,4.0,neutral,0.0,0.84,3,3.0,large,2.0,2,0.0,0.0,1.0,4.0,0.0,2.0,0.0
영화 많이 보는 나한테 맞는 OTT 구독 서비스 추천해줄래?,15.5363,56,49,20.0,2.8,1,1,0.0,0.378,interrogative,present,should,0,0,1,1,subscription,none,1,none,5,5,0,1,1,0,0,absolute,5,any,0,3,2,3.0,neutral,0.0,0.84,3,3.0,large,2.0,2,0.0,0.0,1.0,4.0,0.0,2.0,0.0
트렌디한 영상 자주 보는 나한테 맞는 SNS/커뮤니티 서비스 추천해줄래?,26.3098,56,49,20.0,2.8,1,1,0.0,0.378,interrogative,present,should,0,0,1,1,subscription,none,1,none,5,5,0,1,1,0,0,absolute,5,any,0,4,3,4.0,neutral,0.0,0.84,3,3.0,large,2.0,2,0.0,0.0,1.0,4.0,0.0,2.0,0.0
음악 많이 듣는 나한테 맞는 음악 스트리밍 구독 서비스 추천해줄래?,18.4527,56,49,20.0,2.8,1,1,0.0,0.378,interrogative,present,should,0,0,1,1,subscription,none,1,none,5,5,0,1,1,0,0,absolute,5,any,0,4,3,4.0,neutral,0.0,0.84,3,3.0,large,2.0,2,0.0,0.0,1.0,4.0,0.0,2.0,0.0
내가 평소 듣는 콘텐츠 기준으로 재밌는 팟캐스트 추천해줘,27.8044,56,49,20.0,2.8,1,1,0.0,0.378,interrogative,present,should,0,0,1,1,entertainment,none,1,none,5,5,0,1,1,0,0,absolute,5,any,0,4,3,4.0,neutral,0.0,0.84,3,3.0,large,2.0,2,0.0,0.0,1.0,4.0,0.0,2.0,0.0
내가 평소 보는 콘텐츠 기준으로 볼 만한 유튜브 채널 추천해줘,23.3731,56,49,20.0,2.8,1,1,0.0,0.378,interrogative,present,should,0,0,1,1,entertainment,none,1,none,5,5,0,1,1,0,0,absolute,5,any,0,4,3,4.0,neutral,0.0,0.84,3,3.0,large,2.0,2,0.0,0.0,1.0,4.0,0.0,2.0,0.0
내가 평소 듣는 콘텐츠 기준으로 새로운 음악 추천해줘,15.7212,56,49,20.0,2.8,1,1,0.0,0.378,interrogative,present,should,0,0,1,1,music,none,1,none,5,5,0,1,1,0,0,absolute,5,any,0,3,2,3.0,neutral,0.0,0.84,3,3.0,large,2.0,2,0.0,0.0,1.0,4.0,0.0,2.0,0.0
내가 평소 듣는 콘텐츠 기준으로 들을 만한 라디오 추천해줘,21.2035,56,49,20.0,2.8,1,1,0.0,0.378,interrogative,present,should,0,0,1,1,entertainment,none,1,none,5,5,0,1,1,0,0,absolute,5,any,0,4,3,4.0,neutral,0.0,0.84,3,3.0,large,2.0,2,0.0,0.0,1.0,4.0,0.0,2.0,0.0
재희랑 했던 대화를 분석해서 재희가 좋아할 만한 생일 선물 추천해줘,37.2681,66,58,24.0,2.75,1,1,0.0,0.378,interrogative,present,should,0,0,1,1,gift,none,1,none,5,5,0,1,1,0,0,absolute,5,any,0,4,3,4.0,neutral,0.0,0.84,3,3.0,large,2.0,2,0.0,0.0,1.0,4.0,0.0,2.0,0.0
재희랑 했던 대화를 분석해서 재희가 좋아할 만한 기념일 선물 추천해줘,29.7371,66,58,24.0,2.75,1,1,0.0,0.378,interrogative,present,should,0,0,1,1,gift,none,1,none,5,5,0,1,1,0,0,absolute,5,any,0,4,3,4.0,neutral,0.0,0.84,3,3.0,large,2.0,2,0.0,0.0,1.0,4.0,0.0,2.0,0.0
재희랑 했던 대화를 분석해서 재희가 좋아할 만한 크리스마스 선물 추천해줘,31.2297,66,58,24.0,2.75,1,1,0.0,0.378,interrogative,present,should,0,0,1,1,gift,none,1,none,5,5,0,1,1,0,0,absolute,5,any,0,4,3,4.0,neutral,0.0,0.84,3,3.0,large,2.0,2,0.0,0.0,1.0,4.0,0.0,2.0,0.0
재희랑 했던 대화를 분석해서 재희가 좋아할 만한 졸업 선물 추천해줘,41.8565,66,58,24.0,2.75,1,1,0.0,0.378,interrogative,present,should,0,0,1,1,gift,none,1,none,5,5,0,1,1,0,0,absolute,5,any,0,4,3,4.0,neutral,0.0,0.84,3,3.0,large,2.0,2,0.0,0.0,1.0,4.0,0.0,2.0,0.0
내가 자주 사는 치약을 최저가로 구매할 수 있는 곳 알려줘,20.2837,56,49,20.0,2.8,1,1,0.0,0.378,interrogative,present,should,0,0,1,1,shopping,none,1,none,5,5,0,1,1,0,0,absolute,5,any,0,4,3,4.0,neutral,0.0,0.84,3,3.0,large,2.0,2,0.0,0.0,1.0,4.0,0.0,2.0,0.0
내가 자주 사는 샴푸를 할인가로 구매할 수 있는 곳 알려줘,17.4653,56,49,20.0,2.8,1,1,0.0,0.378,interrogative,present,should,0,0,1,1,shopping,none,1,none,5,5,0,1,1,0,0,absolute,5,any,0,3,2,3.0,neutral,0.0,0.84,3,3.0,large,2.0,2,0.0,0.0,1.0,4.0,0.0,2.0,0.0
내가 자주 사는 세제를 특가로 구매할 수 있는 곳 알려줘,23.5022,56,49,20.0,2.8,1,1,0.0,0.378,interrogative,present,should,0,0,1,1,shopping,none,1,none,5,5,0,1,1,0,0,absolute,5,any,0,4,3,4.0,neutral,0.0,0.84,3,3.0,large,2.0,2,0.0,0.0,1.0,4.0,0.0,2.0,0.0
내가 자주 사는 화장지를 저렴한 가격으로 구매할 수 있는 곳 알려줘,22.2698,56,49,20.0,2.8,1,1,0.0,0.378,interrogative,present,should,0,0,1,1,shopping,none,1,none,5,5,0,1,1,0,0,absolute,5,any,0,4,3,4.0,neutral,0.0,0.84,3,3.0,large,2.0,2,0.0,0.0,1.0,4.0,0.0,2.0,0.0
내가 자주 보는 콘텐츠 기준으로 볼만한 최신 뉴스 검색해줘,24.3256,56,49,20.0,2.8,1,1,0.0,0.378,interrogative,present,should,0,0,1,1,news,none,1,none,5,5,0,1,1,0,0,absolute,5,any,0,4,3,4.0,neutral,0.0,0.84,3,3.0,large,2.0,2,0.0,0.0,1.0,4.0,0.0,2.0,0.0
내가 자주 보는 콘텐츠 기준으로 볼만한 최신 트렌드 검색해줘,15.0165,56,49,20.0,2.8,1,1,0.0,0.378,interrogative,present,should,0,0,1,1,trends,none,1,none,5,5,0,1,1,0,0,absolute,5,any,0,3,2,3.0,neutral,0.0,0.84,3,3.0,large,2.0,2,0.0,0.0,1.0,4.0,0.0,2.0,0.0
내가 자주 보는 콘텐츠 기준으로 볼만한 최신 잡지 검색해줘,27.3833,56,49,20.0,2.8,1,1,0.0,0.378,interrogative,present,should,0,0,1,1,magazines,none,1,none,5,5,0,1,1,0,0,absolute,5,any,0,4,3,4.0,neutral,0.0,0.84,3,3.0,large,2.0,2,0.0,0.0,1.0,4.0,0.0,2.0,0.0
내가 자주 보는 콘텐츠 기준으로 볼만한 최신 블로그 검색해줘,15.2104,56,49,20.0,2.8,1,1,0.0,0.378,interrogative,present,should,0,0,1,1,blogs,none,1,none,5,5,0,1,1,0,0,absolute,5,any,0,3,2,3.0,neutral,0.0,0.84,3,3.0,large,2.0,2,0.0,0.0,1.0,4.0,0.0,2.0,0.0
나연이랑 갈만한 점심 식당 추천해줘,14.9039,38,32,12.0,3.17,1,1,0.0,0.316,interrogative,present,should,0,0,1,1,food,none,1,location,5,5,0,1,1,0,0,absolute,5,any,0,3,2,3.0,neutral,0.0,0.84,3,3.0,medium,2.0,2,0.0,0.0,1.0,4.0,0.0,2.0,0.0
나연이랑 갈만한 점심 카페 추천해줘,20.0891,38,32,12.0,3.17,1,1,0.0,0.316,interrogative,present,should,0,0,1,1,food,none,1,location,5,5,0,1,1,0,0,absolute,5,any,0,3,2,3.0,neutral,0.0,0.84,3,3.0,medium,2.0,2,0.0,0.0,1.0,4.0,0.0,2.0,0.0
36.2261,43.0,37,10,4.3,1.0,1,0,0.23,interrogative,present,should,0,0,1,1,food,none,2,person,2,5,2,3,1,0,0,0,0,absolute,8,1,0,2,3.0,4,0.0,neutral,0.67,1.0,3,3.0,medium,2.0,2.0,1.0,3.0,0.0,0.0,0.0
20.0408,43.0,37,10,4.3,1.0,1,0,0.23,interrogative,present,should,0,0,1,1,food,none,2,person,2,5,2,3,1,0,0,0,0,absolute,8,1,0,2,3.0,4,0.0,neutral,0.67,1.0,3,3.0,medium,2.0,2.0,1.0,3.0,0.0,0.0,0.0
28.2162,43.0,37,10,4.3,1.0,1,0,0.23,interrogative,present,should,0,0,1,1,health,none,2,none,2,5,2,3,1,0,0,0,0,absolute,8,1,0,2,3.0,4,0.0,neutral,0.67,1.0,3,3.0,medium,2.0,2.0,1.0,3.0,0.0,0.0,0.0
18.7407,43.0,37,10,4.3,1.0,1,0,0.23,interrogative,present,should,0,0,1,1,scheduling,none,2,none,2,5,2,3,1,0,0,0,0,absolute,8,1,0,2,3.0,4,0.0,neutral,0.67,1.0,3,3.0,medium,2.0,2.0,1.0,3.0,0.0,0.0,0.0
20.401,43.0,37,10,4.3,1.0,1,0,0.23,interrogative,present,should,0,0,1,1,health,none,2,none,2,5,2,3,1,0,0,0,0,absolute,8,1,0,2,3.0,4,0.0,neutral,0.67,1.0,3,3.0,medium,2.0,2.0,1.0,3.0,0.0,0.0,0.0
21.7058,43.0,37,10,4.3,1.0,1,0,0.23,interrogative,present,should,0,0,1,1,health,none,2,none,2,5,2,3,1,0,0,0,0,absolute,8,1,0,2,3.0,4,0.0,neutral,0.67,1.0,3,3.0,medium,2.0,2.0,1.0,3.0,0.0,0.0,0.0
