queries,MAL,QL_char_len,QL_word_len,QL_has_time_ref,QL_time_granularity,QL_has_future_ref,QL_urgency_level,QL_task_type,QL_data_modalities,QL_personalization_depth,QL_requires_history_span,QL_requires_external_knowledge,QL_location_coupled,QL_output_size_expectation,QL_comparison_required,QL_summary_required,QL_recommender_task,QL_visual_input_ref,QL_social_context,QL_device_likely_mobile,QL_goal_type,QL_question_formality,QL_contains_numeric_amount,QL_financial_domain,QL_health_activity_domain,QL_media_domain,QL_shopping_domain,QL_travel_location_domain,QL_calendar_schedule_domain,QL_chat_analysis,QL_requires_cross_modal,QL_temporal_comparison,QL_long_horizon_planning,QL_preference_learning,QL_cost_savings_focus,QL_weather_coupled,QL_session_length_hint,QL_requires_ranking,QL_requires_structured_output,QL_reference_to_past_recommendation,QL_refers_to_goal_or_target,QL_contains_season_ref,QL_context_phrase_now_here,QL_recall_specific_entity,QL_counting_frequency,QL_language_complexity_proxy,QL_has_explicit_constraint_price,QL_has_explicit_constraint_time_window,QL_has_explicit_constraint_distance,QL_emb_intent_cluster,QL_emb_complexity_axis,QL_emb_personalization_axis
지난주에 찍은 골프 스윙 영상 보여줘,8.7393,20,4,1,3,0,1,retrieve_item,photo/video,0,1,0,0,1,0,0,0,0,0,0,remember/recall,0,0,0,1,1,0,0,0,0,0,0,0,0,0,0,0,0,0,0,0,0,0,0,0,0.75,0,0,0,recall_media_personal,0.3,0.1
지난주에 찍은 헬스 자세 영상 보여줘,18.18,20,4,1,3,0,1,retrieve_item,photo/video,0,1,0,0,1,0,0,0,0,0,0,remember/recall,0,0,0,1,1,0,0,0,0,0,0,0,0,0,0,0,0,0,0,0,0,0,0,0,0.75,0,0,0,recall_media_personal,0.3,0.1
지난주에 찍은 요가 동작 영상 보여줘,26.8976,20,4,1,3,0,1,retrieve_item,photo/video,0,1,0,0,1,0,0,0,0,0,0,remember/recall,0,0,0,1,1,0,0,0,0,0,0,0,0,0,0,0,0,0,0,0,0,0,0,0,0.75,0,0,0,recall_media_personal,0.3,0.1
지난주에 찍은 등산 영상 보여줘,7.4636,17,4,1,3,0,1,retrieve_item,photo/video,0,1,0,0,1,0,0,0,0,0,0,remember/recall,0,0,0,1,1,0,1,0,0,0,0,0,0,0,0,0,0,0,0,0,0,0,0,0,0.75,0,0,0,recall_media_personal,0.3,0.1
지난 주에 찍어둔 체크카드 사진 찾아줘,24.1513,20,5,1,3,0,1,retrieve_item,photo/video,1,1,0,0,1,0,0,0,0,0,0,remember/recall,0,0,1,0,0,0,0,0,0,0,0,0,0,0,0,0,0,0,0,0,0,0,1,0,0.8,0,0,0,recall_finance_doc,0.35,0.4
지난 주에 찍어둔 영수증 사진 찾아줘,11.1685,19,5,1,3,0,1,retrieve_item,photo/video,1,1,0,0,1,0,0,0,0,0,0,remember/recall,0,0,1,0,0,0,0,0,0,0,0,0,0,0,0,0,0,0,0,0,0,0,1,0,0.8,0,0,0,recall_finance_doc,0.35,0.4
지난 주에 찍어둔 계좌번호 사진 찾아줘,20.4332,20,5,1,3,0,1,retrieve_item,photo/video,1,1,0,0,1,0,0,0,0,0,0,remember/recall,0,0,1,0,0,0,0,0,0,0,0,0,0,0,0,0,0,0,0,0,0,0,1,0,0.8,0,0,0,recall_finance_doc,0.35,0.4
지난 주에 찍어둔 통장 사진 찾아줘,14.6009,18,5,1,3,0,1,retrieve_item,photo/video,1,1,0,0,1,0,0,0,0,0,0,remember/recall,0,0,1,0,0,0,0,0,0,0,0,0,0,0,0,0,0,0,0,0,0,0,1,0,0.8,0,0,0,recall_finance_doc,0.35,0.4
지난주에 소연이가 추천했던 유튜브 영상 콘텐츠 제목이 뭐였지?,15.2048,37,7,1,3,0,1,retrieve_item,media_history,2,1,0,0,1,0,0,0,0,1,0,remember/recall,1,0,0,0,1,0,0,0,0,0,0,0,0,0,0,0,0,0,1,0,0,0,1,0,0.86,0,0,0,recall_social_media,0.45,0.7
지난주에 소연이가 추천했던 영화 콘텐츠 제목이 뭐였지?,12.904,33,6,1,3,0,1,retrieve_item,media_history,2,1,0,0,1,0,0,0,0,1,0,remember/recall,1,0,0,0,1,0,0,0,0,0,0,0,0,0,0,0,0,0,1,0,0,0,1,0,0.83,0,0,0,recall_social_media,0.45,0.7
지난주에 소연이가 추천했던 드라마 콘텐츠 제목이 뭐였지?,18.0523,34,6,1,3,0,1,retrieve_item,media_history,2,1,0,0,1,0,0,0,0,1,0,remember/recall,1,0,0,0,1,0,0,0,0,0,0,0,0,0,0,0,0,0,1,0,0,0,1,0,0.83,0,0,0,recall_social_media,0.45,0.7
지난주에 소연이가 추천했던 예능 콘텐츠 제목이 뭐였지?,31.1902,34,6,1,3,0,1,retrieve_item,media_history,2,1,0,0,1,0,0,0,0,1,0,remember/recall,1,0,0,0,1,0,0,0,0,0,0,0,0,0,0,0,0,0,1,0,0,0,1,0,0.83,0,0,0,recall_social_media,0.45,0.7
지민이 결혼식 일정 알려줘,11.6698,14,3,0,0,0,0,retrieve_item,schedule/calendar,1,0,0,0,1,0,0,0,0,1,0,remember/recall,0,0,0,0,0,0,0,1,0,0,0,0,0,0,0,0,0,0,0,0,0,0,1,0,0.67,0,0,0,recall_calendar,0.25,0.5
지민이 졸업식 일정 알려줘,15.3752,14,3,0,0,0,0,retrieve_item,schedule/calendar,1,0,0,0,1,0,0,0,0,1,0,remember/recall,0,0,0,0,0,0,0,1,0,0,0,0,0,0,0,0,0,0,0,0,0,0,1,0,0.67,0,0,0,recall_calendar,0.25,0.5
지민이 돌잔치 일정 알려줘,15.7295,14,3,0,0,0,0,retrieve_item,schedule/calendar,1,0,0,0,1,0,0,0,0,1,0,remember/recall,0,0,0,0,0,0,0,1,0,0,0,0,0,0,0,0,0,0,0,0,0,0,1,0,0.67,0,0,0,recall_calendar,0.25,0.5
지민이 생일 알려줘,12.1895,9,2,0,0,0,0,retrieve_item,schedule/calendar,1,0,0,0,1,0,0,0,0,1,0,remember/recall,0,0,0,0,0,0,0,1,0,0,0,0,0,0,0,0,0,0,0,0,0,0,1,0,0.5,0,0,0,recall_calendar,0.2,0.5
사려고 찍어둔 와인 사진 다 보여줘,26.8335,18,5,0,0,1,0,retrieve_item,photo/video,1,0,0,0,2,0,0,0,0,0,0,shop/save_money,0,0,1,0,0,1,0,0,0,0,0,0,0,0,0,0,0,0,0,0,0,0,0,0,0.8,0,0,0,recall_shopping_photo,0.35,0.6
사려고 찍어둔 신발 사진 다 보여줘,24.4891,18,5,0,0,1,0,retrieve_item,photo/video,1,0,0,0,2,0,0,0,0,0,0,shop/save_money,0,0,1,0,0,1,0,0,0,0,0,0,0,0,0,0,0,0,0,0,0,0,0,0,0.8,0,0,0,recall_shopping_photo,0.35,0.6
사려고 찍어둔 옷 사진 다 보여줘,31.3977,16,5,0,0,1,0,retrieve_item,photo/video,1,0,0,0,2,0,0,0,0,0,0,shop/save_money,0,0,1,0,0,1,0,0,0,0,0,0,0,0,0,0,0,0,0,0,0,0,0,0,0.8,0,0,0,recall_shopping_photo,0.35,0.6
사려고 찍어둔 주방용품 사진 다 보여줘,21.2091,20,5,0,0,1,0,retrieve_item,photo/video,1,0,0,0,2,0,0,0,0,0,0,shop/save_money,0,0,1,0,0,1,0,0,0,0,0,0,0,0,0,0,0,0,0,0,0,0,0,0,0.8,0,0,0,recall_shopping_photo,0.35,0.6
지난주 작성한 강의 필기 찾아줘,26.106,16,4,1,3,0,1,retrieve_item,text_note/doc,1,1,0,0,1,0,0,0,0,0,0,remember/recall,0,0,0,0,0,0,0,0,0,0,0,0,0,0,0,0,0,0,0,0,0,0,0,0,0.75,0,0,0,recall_notes,0.3,0.5
지난주 작성한 노트 찾아줘,24.2368,13,3,1,3,0,1,retrieve_item,text_note/doc,1,1,0,0,1,0,0,0,0,0,0,remember/recall,0,0,0,0,0,0,0,0,0,0,0,0,0,0,0,0,0,0,0,0,0,0,0,0,0.67,0,0,0,recall_notes,0.25,0.5
지난 주에 찍어둔 강의 영상 찾아줘,20.803,18,5,1,3,0,1,retrieve_item,photo/video,1,1,0,0,1,0,0,0,0,0,0,remember/recall,0,0,0,0,1,0,0,0,0,0,0,0,0,0,0,0,0,0,0,0,0,0,0,0,0.8,0,0,0,recall_media_personal,0.35,0.5
지난주 작성한 메모 찾아줘,11.5135,13,3,1,3,0,1,retrieve_item,text_note/doc,1,1,0,0,1,0,0,0,0,0,0,remember/recall,0,0,0,0,0,0,0,0,0,0,0,0,0,0,0,0,0,0,0,0,0,0,0,0,0.67,0,0,0,recall_notes,0.25,0.5
지난번 여행에서 산책할 때 찍은 사진 보여줘,18.496,23,6,0,0,0,0,retrieve_item,photo/video,1,3,0,1,2,0,0,0,0,0,0,remember/recall,0,0,0,1,0,0,1,0,0,0,0,1,0,0,0,0,0,0,0,0,0,0,0,0,0.83,0,0,0,recall_travel_photo,0.4,0.6
지난번 여행에서 먹었던 음식 사진 보여줘,20.4941,21,5,0,0,0,0,retrieve_item,photo/video,1,3,0,1,2,0,0,0,0,0,0,remember/recall,0,0,0,0,0,0,1,0,0,0,0,1,0,0,0,0,0,0,0,0,0,0,0,0,0.8,0,0,0,recall_travel_photo,0.38,0.6
지난번 여행에서 구경한 풍경 사진 보여줘,15.6216,21,5,0,0,0,0,retrieve_item,photo/video,1,3,0,1,2,0,0,0,0,0,0,remember/recall,0,0,0,0,0,0,1,0,0,0,0,1,0,0,0,0,0,0,0,0,0,0,0,0,0.8,0,0,0,recall_travel_photo,0.38,0.6
지난번 여행에서 체험한 액티비티 사진 보여줘,17.3384,23,5,0,0,0,0,retrieve_item,photo/video,1,3,0,1,2,0,0,0,0,0,0,remember/recall,0,0,0,1,0,0,1,0,0,0,0,1,0,0,0,0,0,0,0,0,0,0,0,0,0.8,0,0,0,recall_travel_photo,0.4,0.6
내 여권 사진 찾아줘,18.3003,10,3,0,0,0,0,retrieve_item,photo/video,2,0,0,0,1,0,0,0,0,0,0,remember/recall,0,0,0,0,0,0,1,0,0,0,0,0,0,0,0,0,0,0,0,0,0,0,1,0,0.67,0,0,0,recall_travel_doc,0.3,0.7
주말에 찍은 반려동물 사진 찾아줘,13.2361,18,5,1,3,0,2,retrieve_item,photo/video,1,1,0,0,2,0,0,0,0,0,0,remember/recall,0,0,0,0,0,0,0,0,0,0,0,0,0,0,0,0,0,0,0,0,0,0,0,0,0.8,0,0,0,recall_personal_photo,0.35,0.6
가족이랑 찍은 사진 찾아줘,26.9289,13,4,0,0,0,0,retrieve_item,photo/video,1,3,0,0,2,0,0,0,0,1,0,remember/recall,0,0,0,0,0,0,0,0,0,0,0,1,0,0,0,0,0,0,0,0,0,0,0,0,0.75,0,0,0,recall_social_photo,0.35,0.6
친구들과 함께 찍은 사진 찾아줘,26.0997,15,4,0,0,0,0,retrieve_item,photo/video,1,3,0,0,2,0,0,0,0,1,0,remember/recall,0,0,0,0,0,0,0,0,0,0,0,1,0,0,0,0,0,0,0,0,0,0,0,0,0.75,0,0,0,recall_social_photo,0.35,0.6
봄에 갔던 골프장 어디였지?,20.9377,16,4,1,4,0,0,retrieve_item,location/travel,1,3,0,1,1,0,0,0,0,0,0,remember/recall,1,0,0,0,0,0,1,0,0,0,0,1,0,0,0,0,0,0,0,0,1,0,1,0,1.0,0,0,0,recall_travel_photo,0.3,0.6
여름에 갔던 산 어디였지?,13.8776,15,4,1,4,0,0,retrieve_item,location/travel,1,3,0,1,1,0,0,0,0,0,0,remember/recall,1,0,0,0,0,0,1,0,0,0,0,1,0,0,0,0,0,0,0,0,1,0,1,0,1.0,0,0,0,recall_travel_photo,0.3,0.6
주말에 갔던 라이딩 코스 어디였지?,18.0121,20,5,1,3,0,2,retrieve_item,location/travel,1,1,0,1,1,0,0,0,0,0,0,remember/recall,1,0,0,1,0,0,1,0,0,0,0,1,0,0,0,0,0,0,0,0,0,0,1,0,1.0,0,0,0,recall_travel_photo,0.35,0.6
가을에 갔던 공원 어디였지?,25.1263,16,4,1,4,0,0,retrieve_item,location/travel,1,3,0,1,1,0,0,0,0,0,0,remember/recall,1,0,0,0,0,0,1,0,0,0,0,1,0,0,0,0,0,0,0,0,1,0,1,0,1.0,0,0,0,recall_travel_photo,0.3,0.6
4월 1일에 결제했던 5만원 어디에 쓴 거지?,23.3784,25,7,1,2,0,1,retrieve_item,transaction/finance,1,2,0,0,1,0,0,0,0,0,0,remember/recall,1,1,1,0,0,0,0,0,0,0,0,0,0,0,0,0,0,0,0,0,0,0,1,0,1.0,0,0,0,recall_finance_doc,0.5,0.4
4월 1일에 결제했던 5만원 어디서 쓴 거지?,18.792,25,7,1,2,0,1,retrieve_item,transaction/finance,1,2,0,0,1,0,0,0,0,0,0,remember/recall,1,1,1,0,0,0,0,0,0,0,0,0,0,0,0,0,0,0,0,0,0,0,1,0,1.0,0,0,0,recall_finance_doc,0.5,0.4
4월 1일에 결제했던 5만원 무슨 카드로 쓴 거지?,17.2943,28,8,1,2,0,1,retrieve_item,transaction/finance,1,2,0,0,1,0,0,0,0,0,0,remember/recall,1,1,1,0,0,0,0,0,0,0,0,0,0,0,0,0,0,0,0,0,0,0,1,0,1.0,0,0,0,recall_finance_doc,0.5,0.4
4월 1일에 결제했던 5만원 언제 쓴 거지?,18.6919,24,7,1,2,0,1,retrieve_item,transaction/finance,1,2,0,0,1,0,0,0,0,0,0,remember/recall,1,1,1,0,0,0,0,0,0,0,0,0,0,0,0,0,0,0,0,0,0,0,1,0,1.0,0,0,0,recall_finance_doc,0.45,0.4
어제 반복해서 들은 노래의 제목과 가수명이 뭐지?,15.7563,27,7,1,2,0,2,retrieve_item,media_history,1,2,0,0,1,0,0,0,0,0,0,remember/recall,1,0,0,0,1,0,0,0,0,0,0,0,0,0,0,0,0,0,0,0,0,0,1,0,1.0,0,0,0,recall_media_personal,0.45,0.6
어제 점심 때 들은 노래의 제목과 가수명이 뭐지?,14.6793,27,8,1,2,0,2,retrieve_item,media_history,1,2,0,0,1,0,0,0,0,0,0,remember/recall,1,0,0,0,1,0,0,0,0,0,0,0,0,0,0,0,0,0,0,0,0,0,1,0,1.0,0,0,0,recall_media_personal,0.45,0.6
어제 저녁에 들은 노래의 제목과 가수명이 뭐지?,14.0305,28,8,1,2,0,2,retrieve_item,media_history,1,2,0,0,1,0,0,0,0,0,0,remember/recall,1,0,0,0,1,0,0,0,0,0,0,0,0,0,0,0,0,0,0,0,0,0,1,0,1.0,0,0,0,recall_media_personal,0.45,0.6
어제 운동하면서 들은 노래의 제목과 가수명이 뭐지?,14.3753,30,8,1,2,0,2,retrieve_item,media_history,1,2,0,0,1,0,0,0,0,0,0,remember/recall,1,0,0,1,1,0,0,0,0,0,0,0,0,0,0,0,0,0,0,0,0,0,1,0,1.0,0,0,0,recall_media_personal,0.45,0.6
내일 지원이랑 어디서 만나기로 했지?,15.6107,21,5,1,2,1,2,retrieve_item,schedule/calendar,1,0,0,0,1,0,0,0,0,1,0,remember/recall,1,0,0,0,0,0,0,1,0,0,0,0,0,0,0,0,0,0,0,0,0,0,1,0,1.0,0,0,0,recall_calendar,0.3,0.5
내일 지원이랑 언제 만나기로 했지?,11.9332,21,5,1,2,1,2,retrieve_item,schedule/calendar,1,0,0,0,1,0,0,0,0,1,0,remember/recall,1,0,0,0,0,0,0,1,0,0,0,0,0,0,0,0,0,0,0,0,0,0,1,0,1.0,0,0,0,recall_calendar,0.3,0.5
내일 지원이랑 몇 시에 만나기로 했지?,16.2685,24,6,1,2,1,2,retrieve_item,schedule/calendar,1,0,0,0,1,0,0,0,0,1,0,remember/recall,1,0,0,0,0,0,0,1,0,0,0,0,0,0,0,0,0,0,0,0,0,0,1,0,1.0,0,0,0,recall_calendar,0.3,0.5
내일 지원이랑 무엇 때문에 만나기로 했지?,11.54,26,6,1,2,1,2,retrieve_item,schedule/calendar,1,0,0,0,1,0,0,0,0,1,0,remember/recall,1,0,0,0,0,0,0,1,0,0,0,0,0,0,0,0,0,0,0,0,0,0,1,0,1.0,0,0,0,recall_calendar,0.3,0.5
작년 겨울에 구매한 패딩을 어느 사이트에서 샀었지?,25.1216,34,8,1,4,0,0,retrieve_item,commerce/shopping,1,3,0,0,1,0,0,0,0,0,0,shop/save_money,1,0,0,0,0,1,0,0,0,0,0,1,0,0,0,0,0,0,0,0,1,0,1,0,1.0,0,0,0,recall_shopping_photo,0.4,0.6
작년 겨울에 구매한 패딩을 어느 앱에서 샀었지?,23.5528,34,8,1,4,0,0,retrieve_item,commerce/shopping,1,3,0,0,1,0,0,0,0,0,0,shop/save_money,1,0,0,0,0,1,0,0,0,0,0,1,0,0,0,0,0,0,0,0,1,0,1,0,1.0,0,0,0,recall_shopping_photo,0.4,0.6
작년 겨울에 구매한 패딩을 어느 오프라인 매장에서 샀었지?,23.6779,41,9,1,4,0,0,retrieve_item,commerce/shopping,1,3,0,0,1,0,0,0,0,0,0,shop/save_money,1,0,0,0,0,1,0,0,0,0,0,1,0,0,0,0,0,0,0,0,1,0,1,0,1.0,0,0,0,recall_shopping_photo,0.4,0.6
작년 겨울에 구매한 패딩을 어느 백화점에서 샀었지?,19.8546,39,9,1,4,0,0,retrieve_item,commerce/shopping,1,3,0,0,1,0,0,0,0,0,0,shop/save_money,1,0,0,0,0,1,0,0,0,0,0,1,0,0,0,0,0,0,0,0,1,0,1,0,1.0,0,0,0,recall_shopping_photo,0.4,0.6
오늘 미팅 장소와 시간은 어디지?,14.0835,22,6,1,2,0,2,retrieve_item,schedule/calendar,1,0,0,0,1,0,0,0,0,0,0,remember/recall,1,0,0,0,0,0,0,1,0,0,0,0,0,0,0,0,0,0,0,0,0,0,1,0,1.0,0,0,0,recall_calendar,0.25,0.5
오늘 약속 장소와 시간은 어디지?,6.7843,22,6,1,2,0,2,retrieve_item,schedule/calendar,1,0,0,0,1,0,0,0,0,0,0,remember/recall,1,0,0,0,0,0,0,1,0,0,0,0,0,0,0,0,0,0,0,0,0,0,1,0,1.0,0,0,0,recall_calendar,0.25,0.5
오늘 세미나 장소와 시간은 어디지?,20.0484,23,6,1,2,0,2,retrieve_item,schedule/calendar,1,0,0,0,1,0,0,0,0,0,0,remember/recall,1,0,0,0,0,0,0,1,0,0,0,0,0,0,0,0,0,0,0,0,0,0,1,0,1.0,0,0,0,recall_calendar,0.25,0.5
오늘 회의 장소와 시간은 어디지?,11.4985,23,6,1,2,0,2,retrieve_item,schedule/calendar,1,0,0,0,1,0,0,0,0,0,0,remember/recall,1,0,0,0,0,0,0,1,0,0,0,0,0,0,0,0,0,0,0,0,0,0,1,0,1.0,0,0,0,recall_calendar,0.25,0.5
작년 결혼기념일 때 갔던 레스토랑 어디였지?,13.2869,25,7,1,4,0,0,retrieve_item,location/travel,1,3,0,1,1,0,0,0,0,0,0,remember/recall,1,0,0,0,0,0,1,0,0,0,0,1,0,0,0,0,0,0,0,0,0,0,1,0,1.0,0,0,0,recall_travel_photo,0.4,0.6
뉴욕 여행 때 갔던 브런치 집 어디였지?,15.9983,30,7,0,0,0,0,retrieve_item,photo/video,1,3,0,1,1,0,0,0,0,0,0,remember/recall,1,0,0,0,0,0,1,0,0,0,0,1,0,0,0,0,0,0,0,0,0,0,1,0,1.0,0,0,0,recall_travel_photo,0.4,0.6
부모님 생신 때 갔던 호텔 어디였지?,14.627,29,6,0,0,0,0,retrieve_item,location/travel,1,3,0,1,1,0,0,0,0,1,0,remember/recall,1,0,0,0,0,0,1,0,0,0,0,1,0,0,0,0,0,0,0,0,0,0,1,0,1.0,0,0,0,recall_travel_photo,0.4,0.6
친구 결혼식 때 갔던 식장 어디였지?,21.6479,31,7,0,0,0,0,retrieve_item,location/travel,1,3,0,1,1,0,0,0,0,1,0,remember/recall,1,0,0,0,0,0,1,0,0,0,0,1,0,0,0,0,0,0,0,0,0,0,1,0,1.0,0,0,0,recall_travel_photo,0.4,0.6
성훈이랑 최근에 언제 만났더라?,14.5831,20,4,1,1,0,1,retrieve_item,schedule/calendar,1,1,0,0,1,0,0,0,0,1,0,remember/recall,1,0,0,0,0,0,0,1,0,0,0,0,0,0,0,0,0,0,0,0,0,0,1,0,1.0,0,0,0,recall_calendar,0.25,0.6
성훈이랑 최근에 어디서 만났더라?,17.0392,21,4,1,1,0,1,retrieve_item,location/travel,1,1,0,1,1,0,0,0,0,1,0,remember/recall,1,0,0,0,0,0,1,0,0,0,0,0,0,0,0,0,0,0,0,0,0,0,1,0,1.0,0,0,0,recall_travel_photo,0.3,0.6
성훈이랑 최근에 몇 시에 만났더라?,18.6927,24,5,1,1,0,1,retrieve_item,schedule/calendar,1,1,0,0,1,0,0,0,0,1,0,remember/recall,1,0,0,0,0,0,0,1,0,0,0,0,0,0,0,0,0,0,0,0,0,0,1,0,1.0,0,0,0,recall_calendar,0.25,0.6
성훈이랑 최근에 무엇 때문에 만났더라?,22.4367,26,5,1,1,0,1,retrieve_item,schedule/calendar,1,1,0,0,1,0,0,0,0,1,0,remember/recall,1,0,0,0,0,0,0,1,0,0,0,0,0,0,0,0,0,0,0,0,0,0,1,0,1.0,0,0,0,recall_calendar,0.3,0.6
지난달에 운동 몇 번이나 했지?,12.7229,17,5,1,3,0,1,retrieve_aggregate_stats,activity/health,1,2,0,0,1,0,0,0,0,0,0,monitor/track,1,0,0,1,0,0,0,0,0,0,0,0,0,0,0,0,0,0,0,0,0,0,0,1,1.0,0,0,0,recall_aggregate_stats,0.35,0.6
지난달에 걷기 몇 번이나 했지?,20.8216,17,5,1,3,0,1,retrieve_aggregate_stats,activity/health,1,2,0,0,1,0,0,0,0,0,0,monitor/track,1,0,0,1,0,0,0,0,0,0,0,0,0,0,0,0,0,0,0,0,0,0,0,1,1.0,0,0,0,recall_aggregate_stats,0.35,0.6
지난달에 요가 몇 번이나 했지?,15.467,17,5,1,3,0,1,retrieve_aggregate_stats,activity/health,1,2,0,0,1,0,0,0,0,0,0,monitor/track,1,0,0,1,0,0,0,0,0,0,0,0,0,0,0,0,0,0,0,0,0,0,0,1,1.0,0,0,0,recall_aggregate_stats,0.35,0.6
지난달에 수영 몇 번이나 했지?,9.3088,17,5,1,3,0,1,retrieve_aggregate_stats,activity/health,1,2,0,0,1,0,0,0,0,0,0,monitor/track,1,0,0,1,0,0,0,0,0,0,0,0,0,0,0,0,0,0,0,0,0,0,0,1,1.0,0,0,0,recall_aggregate_stats,0.35,0.6
지난달에 쿠팡에서 총 얼마나 썼지?,21.5989,19,5,1,3,0,1,retrieve_aggregate_stats,transaction/finance,1,2,0,0,1,0,0,0,0,0,0,monitor/track,1,0,1,0,0,0,0,0,0,0,0,0,0,0,0,0,0,0,0,0,0,0,0,1,1.0,0,0,0,recall_aggregate_stats,0.36,0.6
지난달에 이마트에서 총 얼마나 썼지?,12.7241,20,5,1,3,0,1,retrieve_aggregate_stats,transaction/finance,1,2,0,0,1,0,0,0,0,0,0,monitor/track,1,0,1,0,0,0,0,0,0,0,0,0,0,0,0,0,0,0,0,0,0,0,0,1,1.0,0,0,0,recall_aggregate_stats,0.36,0.6
지난달에 전통시장에서 총 얼마나 썼지?,23.353,21,5,1,3,0,1,retrieve_aggregate_stats,transaction/finance,1,2,0,0,1,0,0,0,0,0,0,monitor/track,1,0,1,0,0,0,0,0,0,0,0,0,0,0,0,0,0,0,0,0,0,0,0,1,1.0,0,0,0,recall_aggregate_stats,0.37,0.6
지난달에 편의점에서 총 얼마나 썼지?,25.8917,20,5,1,3,0,1,retrieve_aggregate_stats,transaction/finance,1,2,0,0,1,0,0,0,0,0,0,monitor/track,1,0,1,0,0,0,0,0,0,0,0,0,0,0,0,0,0,0,0,0,0,0,0,1,1.0,0,0,0,recall_aggregate_stats,0.36,0.6
지난달에 유튜브를 총 몇 시간 재생했지?,17.2496,22,6,1,3,0,1,retrieve_aggregate_stats,media_history,1,2,0,0,1,0,0,0,0,0,0,monitor/track,1,0,0,0,1,0,0,0,0,0,0,0,0,0,0,0,0,0,0,0,0,0,0,1,1.0,0,0,0,recall_aggregate_stats,0.38,0.6
지난달에 넷플릭스를 총 몇 시간 재생했지?,22.1453,22,6,1,3,0,1,retrieve_aggregate_stats,media_history,1,2,0,0,1,0,0,0,0,0,0,monitor/track,1,0,0,0,1,0,0,0,0,0,0,0,0,0,0,0,0,0,0,0,0,0,0,1,1.0,0,0,0,recall_aggregate_stats,0.38,0.6
지난달에 케이팝 플레이리스트를 총 몇 시간 재생했지?,26.7749,27,7,1,3,0,1,retrieve_aggregate_stats,media_history,1,2,0,0,1,0,0,0,0,0,0,monitor/track,1,0,0,0,1,0,0,0,0,0,0,0,0,0,0,0,0,0,0,0,0,0,0,1,1.0,0,0,0,recall_aggregate_stats,0.4,0.6
지난달에 팟캐스트를 총 몇 시간 재생했지?,24.7164,23,6,1,3,0,1,retrieve_aggregate_stats,media_history,1,2,0,0,1,0,0,0,0,0,0,monitor/track,1,0,0,0,1,0,0,0,0,0,0,0,0,0,0,0,0,0,0,0,0,0,0,1,1.0,0,0,0,recall_aggregate_stats,0.38,0.6
지난해에 약속이 몇 번이나 있었지?,33.8893,19,5,1,4,0,1,retrieve_aggregate_stats,other,1,3,0,0,1,0,0,0,0,0,0,monitor/track,1,0,0,0,0,0,0,0,0,0,0,1,0,0,0,0,0,0,0,0,0,0,0,1,1.0,0,0,0,recall_aggregate_stats,0.4,0.6
지난해에 모임이 몇 번이나 있었지?,28.1026,19,5,1,4,0,1,retrieve_aggregate_stats,other,1,3,0,0,1,0,0,0,0,0,0,monitor/track,1,0,0,0,0,0,0,0,0,0,0,1,0,0,0,0,0,0,0,0,0,0,0,1,1.0,0,0,0,recall_aggregate_stats,0.4,0.6
지난해에 회식이 몇 번이나 있었지?,20.4603,19,5,1,4,0,1,retrieve_aggregate_stats,other,1,3,0,0,1,0,0,0,0,0,0,monitor/track,1,0,0,0,0,0,0,0,0,0,0,1,0,0,0,0,0,0,0,0,0,0,0,1,1.0,0,0,0,recall_aggregate_stats,0.4,0.6
지난해에 여행이 몇 번이나 있었지?,13.163,19,5,1,4,0,1,retrieve_aggregate_stats,travel/location,1,3,0,0,1,0,0,0,0,0,0,monitor/track,1,0,0,0,0,0,1,0,0,0,0,1,0,0,0,0,0,0,0,0,0,0,0,1,1.0,0,0,0,recall_aggregate_stats,0.42,0.6
올해 상반기에 옷을 몇 번이나 샀지?,19.9251,20,6,1,4,0,1,retrieve_aggregate_stats,commerce/shopping,1,3,0,0,1,0,0,0,0,0,0,monitor/track,1,0,0,0,0,1,0,0,0,0,0,1,0,0,0,0,0,0,0,0,0,0,0,1,1.0,0,0,0,recall_aggregate_stats,0.42,0.6
올해 상반기에 신발을 몇 번이나 샀지?,20.4428,21,6,1,4,0,1,retrieve_aggregate_stats,commerce/shopping,1,3,0,0,1,0,0,0,0,0,0,monitor/track,1,0,0,0,0,1,0,0,0,0,0,1,0,0,0,0,0,0,0,0,0,0,0,1,1.0,0,0,0,recall_aggregate_stats,0.42,0.6
올해 상반기에 생필품을 몇 번이나 샀지?,28.4905,22,6,1,4,0,1,retrieve_aggregate_stats,commerce/shopping,1,3,0,0,1,0,0,0,0,0,0,monitor/track,1,0,0,0,0,1,0,0,0,0,0,1,0,0,0,0,0,0,0,0,0,0,0,1,1.0,0,0,0,recall_aggregate_stats,0.42,0.6
올해 상반기에 화장품을 몇 번이나 샀지?,17.8084,22,6,1,4,0,1,retrieve_aggregate_stats,commerce/shopping,1,3,0,0,1,0,0,0,0,0,0,monitor/track,1,0,0,0,0,1,0,0,0,0,0,1,0,0,0,0,0,0,0,0,0,0,0,1,1.0,0,0,0,recall_aggregate_stats,0.42,0.6
지난주에 영어 회화를 몇 시간 했지?,18.2183,20,6,1,3,0,1,retrieve_aggregate_stats,other,1,1,0,0,1,0,0,0,0,0,0,monitor/track,1,0,0,0,0,0,0,0,0,0,0,0,0,0,0,0,0,0,0,0,0,0,0,1,1.0,0,0,0,recall_aggregate_stats,0.36,0.6
지난주에 자격증 공부를 몇 시간 했지?,18.8426,24,6,1,3,0,1,retrieve_aggregate_stats,other,1,1,0,0,1,0,0,0,0,0,0,monitor/track,1,0,0,0,0,0,0,0,0,0,0,0,0,0,0,0,0,0,0,0,0,0,0,1,1.0,0,0,0,recall_aggregate_stats,0.37,0.6
지난주에 독서를 몇 시간 했지?,16.7158,16,5,1,3,0,1,retrieve_aggregate_stats,other,1,1,0,0,1,0,0,0,0,0,0,monitor/track,1,0,0,0,0,0,0,0,0,0,0,0,0,0,0,0,0,0,0,0,0,0,0,1,1.0,0,0,0,recall_aggregate_stats,0.35,0.6
지난주에 오프라인 합주를 몇 시간 했지?,21.5635,24,6,1,3,0,1,retrieve_aggregate_stats,other,1,1,0,0,1,0,0,0,0,0,0,monitor/track,1,0,0,0,0,0,0,0,0,0,0,0,0,0,0,0,0,0,0,0,0,0,0,1,1.0,0,0,0,recall_aggregate_stats,0.37,0.6
올해 캠핑을 몇 번이나 갔지?,15.08,16,5,1,4,0,1,retrieve_aggregate_stats,travel/location,1,3,0,0,1,0,0,0,0,0,0,monitor/track,1,0,0,0,0,0,1,0,0,0,0,1,0,0,0,0,0,0,0,0,0,0,0,1,1.0,0,0,0,recall_aggregate_stats,0.4,0.6
올해 나들이를 몇 번이나 갔지?,26.4506,16,5,1,4,0,1,retrieve_aggregate_stats,travel/location,1,3,0,0,1,0,0,0,0,0,0,monitor/track,1,0,0,0,0,0,1,0,0,0,0,1,0,0,0,0,0,0,0,0,0,0,0,1,1.0,0,0,0,recall_aggregate_stats,0.4,0.6
올해 산책을 몇 번이나 갔지?,14.2559,16,5,1,4,0,1,retrieve_aggregate_stats,activity/health,1,3,0,0,1,0,0,0,0,0,0,monitor/track,1,0,0,1,0,0,0,0,0,0,0,1,0,0,0,0,0,0,0,0,0,0,0,1,1.0,0,0,0,recall_aggregate_stats,0.4,0.6
올해 여행을 몇 번이나 갔지?,16.9997,16,5,1,4,0,1,retrieve_aggregate_stats,travel/location,1,3,0,0,1,0,0,0,0,0,0,monitor/track,1,0,0,0,0,0,1,0,0,0,0,1,0,0,0,0,0,0,0,0,0,0,0,1,1.0,0,0,0,recall_aggregate_stats,0.42,0.6
이번 달에 배달 음식을 몇 번 먹었지?,12.1014,27,7,1,3,0,1,retrieve_aggregate_stats,other,1,2,0,0,1,0,0,0,0,0,0,monitor/track,1,0,0,0,0,0,0,0,0,0,0,0,0,0,0,0,0,0,0,0,0,0,0,1,1.0,0,0,0,recall_aggregate_stats,0.36,0.6
이번 달에 외식을 몇 번 먹었지?,25.2473,23,6,1,3,0,1,retrieve_aggregate_stats,other,1,2,0,0,1,0,0,0,0,0,0,monitor/track,1,0,0,0,0,0,0,0,0,0,0,0,0,0,0,0,0,0,0,0,0,0,0,1,1.0,0,0,0,recall_aggregate_stats,0.36,0.6
이번 달에 카페를 몇 번 먹었지?,17.5864,22,6,1,3,0,1,retrieve_aggregate_stats,other,1,2,0,0,1,0,0,0,0,0,0,monitor/track,1,0,0,0,0,0,0,0,0,0,0,0,0,0,0,0,0,0,0,0,0,0,0,1,1.0,0,0,0,recall_aggregate_stats,0.36,0.6
이번 달에 편의점에서 몇 번 먹었지?,20.9935,27,7,1,3,0,1,retrieve_aggregate_stats,other,1,2,0,0,1,0,0,0,0,0,0,monitor/track,1,0,0,0,0,0,0,0,0,0,0,0,0,0,0,0,0,0,0,0,0,0,0,1,1.0,0,0,0,recall_aggregate_stats,0.36,0.6
지난달과 비교했을 때 이번 달 운동량이 얼마나 늘었지?,23.8735,30,8,1,3,0,1,compare_stats,activity/health,1,2,0,0,1,1,0,0,0,0,0,analyze/compare,1,0,0,1,0,0,0,0,0,0,1,0,0,0,0,0,0,0,0,0,0,0,0,0,1.0,0,0,0,compare_activity,0.4,0.5
지난달과 비교했을 때 이번 달 걸음 수가 얼마나 늘었지?,12.2085,31,9,1,3,0,1,compare_stats,activity/health,1,2,0,0,1,1,0,0,0,0,0,analyze/compare,1,0,0,1,0,0,0,0,0,0,1,0,0,0,0,0,0,0,0,0,0,0,0,0,1.0,0,0,0,compare_activity,0.4,0.5
지난달과 비교했을 때 이번 달 칼로리 소모가 얼마나 늘었지?,14.8955,33,9,1,3,0,1,compare_stats,activity/health,1,2,0,0,1,1,0,0,0,0,0,analyze/compare,1,0,0,1,0,0,0,0,0,0,1,0,0,0,0,0,0,0,0,0,0,0,0,0,1.0,0,0,0,compare_activity,0.4,0.5
지난달과 비교했을 때 이번 달 활동 시간이 얼마나 늘었지?,24.6488,32,9,1,3,0,1,compare_stats,activity/health,1,2,0,0,1,1,0,0,0,0,0,analyze/compare,1,0,0,1,0,0,0,0,0,0,1,0,0,0,0,0,0,0,0,0,0,0,0,0,1.0,0,0,0,compare_activity,0.4,0.5
작년과 비교했을 때 올해 카드 결제액이 얼마나 늘었지?,25.3443,30,8,1,4,0,1,compare_stats,transaction/finance,1,3,0,0,1,1,0,0,0,0,0,analyze/compare,1,0,1,0,0,0,0,0,0,0,1,1,0,0,0,0,0,0,0,0,0,0,0,0,1.0,0,0,0,compare_finance,0.42,0.5
작년과 비교했을 때 올해 여가 비용이 얼마나 늘었지?,20.8705,29,8,1,4,0,1,compare_stats,transaction/finance,1,3,0,0,1,1,0,0,0,0,0,analyze/compare,1,0,1,0,0,0,0,0,0,0,1,1,0,0,0,0,0,0,0,0,0,0,0,0,1.0,0,0,0,compare_finance,0.42,0.5
작년과 비교했을 때 올해 고정 지출이 얼마나 늘었지?,23.7459,29,8,1,4,0,1,compare_stats,transaction/finance,1,3,0,0,1,1,0,0,0,0,0,analyze/compare,1,0,1,0,0,0,0,0,0,0,1,1,0,0,0,0,0,0,0,0,0,0,0,0,1.0,0,0,0,compare_finance,0.42,0.5
작년과 비교했을 때 올해 생활비가 얼마나 늘었지?,24.2751,29,8,1,4,0,1,compare_stats,transaction/finance,1,3,0,0,1,1,0,0,0,0,0,analyze/compare,1,0,1,0,0,0,0,0,0,0,1,1,0,0,0,0,0,0,0,0,0,0,0,0,1.0,0,0,0,compare_finance,0.42,0.5
올해 가장 많이 들었던 음악 순서대로 알려줘,25.2008,24,7,1,4,0,1,retrieve_aggregate_stats,media_history,1,3,0,0,2,0,0,0,0,0,0,entertain,0,0,0,0,1,0,0,0,0,0,0,1,0,0,0,0,1,0,0,0,0,0,0,0,1.0,0,0,0,aggregate_media_ranking,0.45,0.6
올해 가장 많이 시청했던 유튜브 채널 순서대로 알려줘,20.1194,29,8,1,4,0,1,retrieve_aggregate_stats,media_history,1,3,0,0,2,0,0,0,0,0,0,entertain,0,0,0,0,1,0,0,0,0,0,0,1,0,0,0,0,1,0,0,0,0,0,0,0,1.0,0,0,0,aggregate_media_ranking,0.45,0.6
올해 가장 많이 플레이한 게임 순서대로 알려줘,33.9973,24,7,1,4,0,1,retrieve_aggregate_stats,media_history,1,3,0,0,2,0,0,0,0,0,0,entertain,0,0,0,0,1,0,0,0,0,0,0,1,0,0,0,0,1,0,0,0,0,0,0,0,1.0,0,0,0,aggregate_media_ranking,0.45,0.6
올해 가장 많이 본 드라마 순서대로 알려줘,12.8249,24,7,1,4,0,1,retrieve_aggregate_stats,media_history,1,3,0,0,2,0,0,0,0,0,0,entertain,0,0,0,0,1,0,0,0,0,0,0,1,0,0,0,0,1,0,0,0,0,0,0,0,1.0,0,0,0,aggregate_media_ranking,0.45,0.6
지난달에 성진이랑 통화한 횟수 이번달과 비교해줘,19.2887,26,6,1,3,0,1,compare_stats,communication/chat,1,2,0,0,1,1,0,0,0,1,0,monitor/track,0,0,0,0,0,0,0,0,0,0,1,0,0,0,0,0,0,0,0,0,0,0,0,1,1.0,0,0,0,compare_communication_counts,0.35,0.6
지난달에 성진이랑 메시지 교환 횟수 이번달과 비교해줘,21.6109,29,7,1,3,0,1,compare_stats,communication/chat,1,2,0,0,1,1,0,0,0,1,0,monitor/track,0,0,0,0,0,0,0,0,1,0,1,0,0,0,0,0,0,0,0,0,0,0,0,1,1.0,0,0,0,compare_communication_counts,0.35,0.6
지난달에 성진이랑 만난 횟수 이번달과 비교해줘,20.2698,25,6,1,3,0,1,compare_stats,communication/chat,1,2,0,0,1,1,0,0,0,1,0,monitor/track,0,0,0,0,0,0,0,0,0,0,1,0,0,0,0,0,0,0,0,0,0,0,0,1,1.0,0,0,0,compare_communication_counts,0.35,0.6
지난달에 성진이랑 영상통화 횟수 이번달과 비교해줘,14.0343,27,6,1,3,0,1,compare_stats,communication/chat,1,2,0,0,1,1,0,0,0,1,0,monitor/track,0,0,0,0,0,0,0,0,0,0,1,0,0,0,0,0,0,0,0,0,0,0,0,1,1.0,0,0,0,compare_communication_counts,0.35,0.6
온라인 쇼핑과 오프라인 쇼핑 결제 금액 비교해줘,32.1986,26,7,0,0,0,0,compare_stats,transaction/finance,1,0,0,0,1,1,0,0,0,0,0,monitor/track,0,0,1,0,0,1,0,0,0,0,0,0,0,0,0,0,0,0,0,0,0,0,0,0,1.0,0,0,0,compare_finance,0.4,0.5
카드 결제와 현금 결제 금액 비교해줘,26.7424,20,6,0,0,0,0,compare_stats,transaction/finance,1,0,0,0,1,1,0,0,0,0,0,monitor/track,0,0,1,0,0,0,0,0,0,0,0,0,0,0,0,0,0,0,0,0,0,0,0,0,1.0,0,0,0,compare_finance,0.4,0.5
이번 달과 지난달 결제 금액 비교해줘,21.2016,20,6,1,3,0,1,compare_stats,transaction/finance,1,2,0,0,1,1,0,0,0,0,0,monitor/track,0,0,1,0,0,0,0,0,0,0,1,0,0,0,0,0,0,0,0,0,0,0,0,0,1.0,0,0,0,compare_finance,0.4,0.5
평일과 주말 결제 금액 비교해줘,30.0478,17,5,1,3,0,1,compare_stats,transaction/finance,1,1,0,0,1,1,0,0,0,0,0,monitor/track,0,0,1,0,0,0,0,0,0,0,1,0,0,0,0,0,0,0,0,0,0,0,0,0,1.0,0,0,0,compare_finance,0.38,0.5
이번 달이랑 지난달 근무 시간을 비교해줘,31.5749,22,6,1,3,0,1,compare_stats,activity/health,1,2,0,0,1,1,0,0,0,0,0,monitor/track,0,0,0,1,0,0,0,0,0,0,1,0,0,0,0,0,0,0,0,0,0,0,0,0,1.0,0,0,0,compare_time_use,0.38,0.5
이번 달이랑 지난달 회의 시간을 비교해줘,17.9169,24,6,1,3,0,1,compare_stats,activity/health,1,2,0,0,1,1,0,0,0,0,0,monitor/track,0,0,0,1,0,0,0,0,0,0,1,0,0,0,0,0,0,0,0,0,0,0,0,0,1.0,0,0,0,compare_time_use,0.38,0.5
이번 달이랑 지난달 학습 시간을 비교해줘,21.2882,24,6,1,3,0,1,compare_stats,activity/health,1,2,0,0,1,1,0,0,0,0,0,monitor/track,0,0,0,1,0,0,0,0,0,0,1,0,0,0,0,0,0,0,0,0,0,0,0,0,1.0,0,0,0,compare_time_use,0.38,0.5
이번 달이랑 지난달 작업 시간을 비교해줘,21.7818,24,6,1,3,0,1,compare_stats,activity/health,1,2,0,0,1,1,0,0,0,0,0,monitor/track,0,0,0,1,0,0,0,0,0,0,1,0,0,0,0,0,0,0,0,0,0,0,0,0,1.0,0,0,0,compare_time_use,0.38,0.5
여행 갔을 때 평소보다 평균 걸음 수가 얼마나 늘었지?,17.8381,30,9,0,0,0,0,compare_stats,activity/health,1,3,0,1,1,1,0,0,0,0,0,analyze/compare,1,0,0,1,0,0,1,0,0,0,1,1,0,0,0,0,0,0,0,0,0,0,0,0,1.0,0,0,0,compare_travel_activity,0.4,0.6
여행 갔을 때 평소보다 활동량이 얼마나 늘었지?,27.7023,30,9,0,0,0,0,compare_stats,activity/health,1,3,0,1,1,1,0,0,0,0,0,analyze/compare,1,0,0,1,0,0,1,0,0,0,1,1,0,0,0,0,0,0,0,0,0,0,0,0,1.0,0,0,0,compare_travel_activity,0.4,0.6
여행 갔을 때 평소보다 이동 거리가 얼마나 늘었지?,22.2324,30,9,0,0,0,0,compare_stats,activity/health,1,3,0,1,1,1,0,0,0,0,0,analyze/compare,1,0,0,1,0,0,1,0,0,0,1,1,0,0,0,0,0,0,0,0,0,0,0,0,1.0,0,0,0,compare_travel_activity,0.4,0.6
여행 갔을 때 평소보다 칼로리 소모가 얼마나 늘었지?,29.7746,30,9,0,0,0,0,compare_stats,activity/health,1,3,0,1,1,1,0,0,0,0,0,analyze/compare,1,0,0,1,0,0,1,0,0,0,1,1,0,0,0,0,0,0,0,0,0,0,0,0,1.0,0,0,0,compare_travel_activity,0.4,0.6
지난달에 집에서 보낸 시간과 밖에서 보낸 시간 비교해줘,36.7562,30,8,1,3,0,1,compare_stats,activity/health,1,2,0,0,1,1,0,0,0,0,0,analyze/compare,0,0,0,1,0,0,0,0,0,0,1,0,0,0,0,0,0,0,0,0,0,0,0,0,1.0,0,0,0,compare_time_use,0.38,0.5
지난달에 근무 시간과 여가 시간 비교해줘,21.8848,22,6,1,3,0,1,compare_stats,activity/health,1,2,0,0,1,1,0,0,0,0,0,analyze/compare,0,0,0,1,0,0,0,0,0,0,1,0,0,0,0,0,0,0,0,0,0,0,0,0,1.0,0,0,0,compare_time_use,0.38,0.5
지난달과 이번달 취미생활하는데 쓴 시간 비교해줘,27.537,26,6,1,3,0,1,compare_stats,activity/health,1,2,0,0,1,1,0,0,0,0,0,monitor/track,0,0,0,1,0,0,0,0,0,0,1,0,0,0,0,0,0,0,0,0,0,0,0,0,1.0,0,0,0,compare_time_use,0.38,0.5
지난달과 이번달에 가장 많이 먹은 음식 비교해줘,36.4351,26,7,1,3,0,1,compare_stats,activity/health,1,2,0,0,2,1,0,0,0,0,0,analyze/compare,0,0,0,1,0,0,0,0,0,0,1,0,0,0,0,0,0,0,0,0,0,0,0,0,1.0,0,0,0,compare_time_use,0.38,0.5
이번 주 요일 별 칼로리 소모량을 순서대로 알려줘,11.356,27,8,1,3,0,1,retrieve_aggregate_stats,activity/health,1,1,0,0,2,0,0,0,0,0,0,monitor/track,0,0,0,1,0,0,0,0,0,0,0,0,0,0,0,0,1,0,0,0,0,0,0,0,1.0,0,0,0,aggregate_activity_weekly,0.5,0.55
이번 주 날짜 별 칼로리 소모량을 순서대로 알려줘,20.8111,27,8,1,3,0,1,retrieve_aggregate_stats,activity/health,1,1,0,0,2,0,0,0,0,0,0,monitor/track,0,0,0,1,0,0,0,0,0,0,0,0,0,0,0,0,1,0,0,0,0,0,0,0,1.0,0,0,0,aggregate_activity_weekly,0.5,0.55
이번 주 시간 별 칼로리 소모량을 순서대로 알려줘,23.7308,27,8,1,3,0,1,retrieve_aggregate_stats,activity/health,1,1,0,0,2,0,0,0,0,0,0,monitor/track,0,0,0,1,0,0,0,0,0,0,0,0,0,0,0,0,1,0,0,0,0,0,0,0,1.0,0,0,0,aggregate_activity_weekly,0.5,0.55
이번 주 활동 별 칼로리 소모량을 순서대로 알려줘,32.4589,27,8,1,3,0,1,retrieve_aggregate_stats,activity/health,1,1,0,0,2,0,0,0,0,0,0,monitor/track,0,0,0,1,0,0,0,0,0,0,0,0,0,0,0,0,1,0,0,0,0,0,0,0,1.0,0,0,0,aggregate_activity_weekly,0.5,0.55
지난달 카드 결제 내역을 정리해서 가계부로 작성해줘,30.0569,28,7,1,3,0,1,generate_list,transaction/finance,1,2,0,0,3,0,0,0,0,0,0,monitor/track,0,0,1,0,0,0,0,0,0,0,0,0,0,0,0,0,0,1,0,0,0,0,0,0,1.0,0,0,0,aggregate_finance_ledger,0.62,0.55
지난달 관리비 내역을 정리해서 가계부로 작성해줘,19.4243,26,6,1,3,0,1,generate_list,transaction/finance,1,2,0,0,3,0,0,0,0,0,0,monitor/track,0,0,1,0,0,0,0,0,0,0,0,0,0,0,0,0,0,1,0,0,0,0,0,0,1.0,0,0,0,aggregate_finance_ledger,0.6,0.55
지난달 저축 금액 내역을 정리해서 가계부로 작성해줘,34.3083,28,7,1,3,0,1,generate_list,transaction/finance,1,2,0,0,3,0,0,0,0,0,0,monitor/track,0,0,1,0,0,0,0,0,0,0,0,0,0,0,0,0,0,1,0,0,0,0,0,0,1.0,0,0,0,aggregate_finance_ledger,0.63,0.55
지난달 용돈 내역을 정리해서 가계부로 작성해줘,26.1903,25,6,1,3,0,1,generate_list,transaction/finance,1,2,0,0,3,0,0,0,0,0,0,monitor/track,0,0,1,0,0,0,0,0,0,0,0,0,0,0,0,0,0,1,0,0,0,0,0,0,1.0,0,0,0,aggregate_finance_ledger,0.6,0.55
작년 이맘때쯤 자주 들었던 음악 리스트 만들어줘,18.1467,26,7,1,4,0,1,generate_list,media_history,2,3,0,0,2,0,0,0,0,0,0,entertain,0,0,0,0,1,0,0,0,0,0,0,1,0,0,0,0,0,0,0,0,0,0,0,0,1.0,0,0,0,list_personal_media,0.6,0.7
작년 이맘때쯤 자주 시청한 영상 리스트 만들어줘,32.5002,27,7,1,4,0,1,generate_list,media_history,2,3,0,0,2,0,0,0,0,0,0,entertain,0,0,0,0,1,0,0,0,0,0,0,1,0,0,0,0,0,0,0,0,0,0,0,0,1.0,0,0,0,list_personal_media,0.6,0.7
작년 이맘때쯤 자주 플레이한 게임 리스트 만들어줘,17.6907,28,7,1,4,0,1,generate_list,media_history,2,3,0,0,2,0,0,0,0,0,0,entertain,0,0,0,0,1,0,0,0,0,0,0,1,0,0,0,0,0,0,0,0,0,0,0,0,1.0,0,0,0,list_personal_media,0.6,0.7
작년 이맘때쯤 자주 읽은 책 리스트 만들어줘,20.6366,28,7,1,4,0,1,generate_list,media_history,2,3,0,0,2,0,0,0,0,0,0,entertain,0,0,0,0,1,0,0,0,0,0,0,1,0,0,0,0,0,0,0,0,0,0,0,0,1.0,0,0,0,list_personal_media,0.6,0.7
어제 친구들과 단체 메신저 방에서 나눈 대화 내용을 요약해줘,21.3406,33,9,1,2,0,2,summarize,communication/chat,1,1,0,0,3,0,1,0,0,1,0,analyze/compare,0,0,0,0,0,0,0,0,1,0,0,0,0,0,0,0,0,0,0,0,0,0,0,0,1.0,0,0,0,chat_summary,0.7,0.6
어제 가족들과 단체 메신저 방에서 나눈 대화 내용을 요약해줘,18.0877,33,9,1,2,0,2,summarize,communication/chat,1,1,0,0,3,0,1,0,0,1,0,analyze/compare,0,0,0,0,0,0,0,0,1,0,0,0,0,0,0,0,0,0,0,0,0,0,0,0,1.0,0,0,0,chat_summary,0.7,0.6
어제 팀원들과 단체 메신저 방에서 나눈 대화 내용을 요약해줘,24.9038,33,9,1,2,0,2,summarize,communication/chat,1,1,0,0,3,0,1,0,0,1,0,analyze/compare,0,0,0,0,0,0,0,0,1,0,0,0,0,0,0,0,0,0,0,0,0,0,0,0,1.0,0,0,0,chat_summary,0.7,0.6
어제 동료들과 단체 메신저 방에서 나눈 대화 내용을 요약해줘,21.806,33,9,1,2,0,2,summarize,communication/chat,1,1,0,0,3,0,1,0,0,1,0,analyze/compare,0,0,0,0,0,0,0,0,1,0,0,0,0,0,0,0,0,0,0,0,0,0,0,0,1.0,0,0,0,chat_summary,0.7,0.6
이번주 마트에서 사야하는 물건 찍어둔 것 다 모아서 쇼핑리스트 만들어줘,22.965,39,11,1,3,1,1,generate_list,photo/video,1,0,0,0,3,0,0,0,0,0,0,shop/save_money,0,0,0,0,0,1,0,0,0,0,0,0,0,0,0,0,0,1,0,0,0,0,0,0,1.0,0,0,0,shopping_photo_list,0.55,0.6
이번주 다이소에서 사야하는 물건 찍어둔 것 다 모아서 쇼핑리스트 만들어줘,35.0526,45,13,1,3,1,1,generate_list,photo/video,1,0,0,0,3,0,0,0,0,0,0,shop/save_money,0,0,0,0,0,1,0,0,0,0,0,0,0,0,0,0,0,1,0,0,0,0,0,0,1.0,0,0,0,shopping_photo_list_store_specific,0.55,0.6
이번주 올리브영에서 사야하는 물건 찍어둔 것 다 모아서 쇼핑리스트 만들어줘,21.6875,52,15,1,3,1,1,generate_list,photo/video,1,0,0,0,3,0,0,0,0,0,0,shop/save_money,0,0,0,0,0,1,0,0,0,0,0,0,0,0,0,0,0,1,0,0,0,0,0,0,1.0,0,0,0,shopping_photo_list_store_specific,0.55,0.6
이번주 편의점에서 사야하는 물건 찍어둔 것 다 모아서 쇼핑리스트 만들어줘,21.0415,54,15,1,3,1,1,generate_list,photo/video,1,0,0,0,3,0,0,0,0,0,0,shop/save_money,0,0,0,0,0,1,0,0,0,0,0,0,0,0,0,0,0,1,0,0,0,0,0,0,1.0,0,0,0,shopping_photo_list_store_specific,0.55,0.6
지난달에 정리한 강의노트를 한 장으로 요약 정리해줘,26.5597,38,9,1,3,0,1,summarize,text_note/doc,1,2,0,0,3,0,1,0,0,0,0,analyze/compare,0,0,0,0,0,0,0,0,0,0,0,0,0,0,0,0,0,1,0,0,0,0,0,0,1.0,0,0,0,recall_notes_summary,0.65,0.5
지난달에 작성한 업무노트를 한 장으로 요약 정리해줘,32.4549,40,9,1,3,0,1,summarize,text_note/doc,1,2,0,0,3,0,1,0,0,0,0,analyze/compare,0,0,0,0,0,0,0,0,0,0,0,0,0,0,0,0,0,1,0,0,0,0,0,0,1.0,0,0,0,recall_notes_summary,0.65,0.55
지난달에 녹음한 회의록을 한 장으로 요약 정리해줘,46.0703,40,8,1,3,0,1,summarize,text_note/doc,1,2,0,0,3,0,1,0,0,0,0,analyze/compare,0,0,0,0,0,0,0,0,0,0,0,0,0,0,0,0,0,1,0,0,0,0,0,0,1.0,0,0,0,meeting_record_summary,0.7,0.55
지난달에 촬영한 메모를 한 장으로 요약 정리해줘,40.983,39,8,1,3,0,1,summarize,text_note/doc,1,2,0,0,3,0,1,0,0,0,0,analyze/compare,0,0,0,0,0,0,0,0,0,0,0,0,0,0,0,0,0,1,0,0,0,0,0,0,1.0,0,0,0,notes_image_summary,0.65,0.55
스페인 여행에서 내가 갔던 곳 모두 정리해서 알려줘,27.994,30,8,0,0,0,0,generate_list,location/travel,2,3,0,1,2,0,0,0,0,0,0,remember/recall,0,0,0,0,0,0,1,0,0,0,0,1,0,0,0,0,0,0,0,0,0,0,0,0,1.0,0,0,0,recall_travel_places,0.6,0.7
여름휴가 동안 내가 갔던 곳 모두 정리해서 알려줘,23.1966,33,8,1,4,0,1,generate_list,location/travel,2,3,0,1,2,0,0,0,0,0,0,remember/recall,0,0,0,0,0,0,1,0,0,0,0,1,0,0,0,0,0,0,0,0,1,0,0,0,1.0,0,0,0,recall_travel_places,0.62,0.7
지난 주말에 내가 갔던 곳 모두 정리해서 알려줘,19.0671,34,9,1,3,0,2,generate_list,location/travel,2,1,0,1,2,0,0,0,0,0,0,remember/recall,0,0,0,0,0,0,1,0,0,0,0,0,0,0,0,0,0,0,0,0,0,0,0,0,1.0,0,0,0,recall_travel_places,0.58,0.7
가족 여행으로 내가 갔던 곳 모두 정리해서 알려줘,48.7953,35,9,0,0,0,0,generate_list,location/travel,2,3,0,1,2,0,0,0,0,1,0,remember/recall,0,0,0,0,0,0,1,0,0,0,0,1,0,0,0,0,0,0,0,0,0,0,0,0,1.0,0,0,0,recall_travel_places,0.62,0.7
가족 단체 사진만 모두 모아서 영상으로 만들어줘,81.7913,36,9,0,0,0,0,generate_list,photo/video,1,3,0,0,3,0,0,0,0,1,0,remember/recall,0,0,0,0,0,0,0,0,0,0,0,1,0,0,0,0,0,1,0,0,0,0,0,0,1.0,0,0,0,generate_family_video,0.55,0.6
반려동물 사진만 모두 모아서 영상으로 만들어줘,50.5136,33,8,0,0,0,0,generate_list,photo/video,1,3,0,0,3,0,0,0,0,0,0,remember/recall,0,0,0,0,0,0,0,0,0,0,0,1,0,0,0,0,0,1,0,0,0,0,0,0,1.0,0,0,0,generate_personal_video,0.55,0.6
내 증명 사진만 모두 모아서 영상으로 만들어줘,66.8085,30,7,0,0,0,0,generate_list,photo/video,2,0,0,0,3,0,0,0,0,0,0,remember/recall,0,0,0,0,0,0,0,0,0,0,0,0,0,0,0,0,0,1,0,0,0,0,0,0,1.0,0,0,0,generate_personal_video,0.55,0.7
친구들과 사진만 모두 모아서 영상으로 만들어줘,91.1981,36,9,0,0,0,0,generate_list,photo/video,1,3,0,0,3,0,0,0,0,1,0,remember/recall,0,0,0,0,0,0,0,0,0,0,0,1,0,0,0,0,0,1,0,0,0,0,0,0,1.0,0,0,0,generate_social_video,0.55,0.6
만보 정도 걸을 수 있는 한강 산책 코스 추천해줘,14.7629,27,9,0,0,0,0,recommend,location/travel,1,0,1,1,2,0,0,1,0,0,0,plan/optimize,0,0,0,1,0,0,1,0,0,0,0,0,0,0,0,0,0,0,0,0,0,0,0,0,1.0,0,0,1,recommend_travel,0.4,0.5
만보 정도 걸을 수 있는 동네 산책 코스 추천해줘,14.4268,27,9,0,0,0,0,recommend,location/travel,1,0,1,1,2,0,0,1,0,0,0,plan/optimize,0,0,0,1,0,0,1,0,0,0,0,0,0,0,0,0,0,0,0,0,0,0,0,0,1.0,0,0,1,recommend_travel,0.4,0.5
만보 정도 걸을 수 있는 공원 산책로 추천해줘,18.6808,25,8,0,0,0,0,recommend,location/travel,1,0,1,1,2,0,0,1,0,0,0,plan/optimize,0,0,0,1,0,0,1,0,0,0,0,0,0,0,0,0,0,0,0,0,0,0,0,0,1.0,0,0,1,recommend_travel,0.4,0.5
만보 정도 걸을 수 있는 해변 산책로 추천해줘,17.9301,25,8,0,0,0,0,recommend,location/travel,1,0,1,1,2,0,0,1,0,0,0,plan/optimize,0,0,0,1,0,0,1,0,0,0,0,0,0,0,0,0,0,0,0,0,0,0,0,0,1.0,0,0,1,recommend_travel,0.4,0.5
10만원 정도 가격대로 갈 만한 집 근처 술집 찾아줘,14.7395,29,9,0,0,0,0,recommend,location/travel,1,0,1,1,2,0,0,0,0,0,0,shop/save_money,0,1,0,0,0,1,0,0,0,0,0,0,0,0,0,0,0,0,0,0,0,0,0,0,1.0,1,0,0,recommend_local_with_price,0.45,0.4
10만원 정도 가격대로 갈 만한 집 근처 식당 찾아줘,24.9278,29,9,0,0,0,0,recommend,location/travel,1,0,1,1,2,0,0,0,0,0,0,shop/save_money,0,1,0,0,0,1,0,0,0,0,0,0,0,0,0,0,0,0,0,0,0,0,0,0,1.0,1,0,0,recommend_local_with_price,0.45,0.4
10만원 정도 가격대로 갈 만한 집 근처 카페 찾아줘,16.5807,29,9,0,0,0,0,recommend,location/travel,1,0,1,1,2,0,0,0,0,0,0,shop/save_money,0,1,0,0,0,1,0,0,0,0,0,0,0,0,0,0,0,0,0,0,0,0,0,0,1.0,1,0,0,recommend_local_with_price,0.45,0.4
10만원 정도 가격대로 갈 만한 집 근처 펜션 찾아줘,24.5787,29,9,0,0,0,0,recommend,location/travel,1,0,1,1,2,0,0,0,0,0,0,shop/save_money,0,1,0,0,0,1,1,0,0,0,0,0,0,0,0,0,0,0,0,0,0,0,0,0,1.0,1,0,0,recommend_local_with_price,0.45,0.45
블랙핑크 '뛰어' 랑 비슷한 느낌의 노래 추천해줘,12.4405,27,7,0,0,0,0,recommend,media_history,0,0,1,0,2,0,0,1,0,0,0,entertain,0,0,0,0,1,0,0,0,0,0,0,0,0,0,0,0,0,0,0,0,0,0,0,0,1.0,0,0,0,recommend_music_by_example,0.5,0.2
영화 '귀멸의 칼날: 무한성 편'이랑 비슷한 느낌의 영화 추천해줘,12.1376,55,9,0,0,0,0,recommend,media_history,0,0,1,0,2,0,0,1,0,0,0,entertain,0,0,0,0,1,0,0,0,0,0,0,0,0,0,0,0,0,0,0,0,0,0,0,0,1.0,0,0,0,recommend_movie_by_example,0.5,0.2
드라마 '오징어게임'이랑 비슷한 느낌의 드라마 추천해줘,26.245,46,8,0,0,0,0,recommend,media_history,0,0,1,0,2,0,0,1,0,0,0,entertain,0,0,0,0,1,0,0,0,0,0,0,0,0,0,0,0,0,0,0,0,0,0,0,0,1.0,0,0,0,recommend_tv_by_example,0.5,0.2
책 '스토너'랑 비슷한 느낌의 책 추천해줘,24.9037,35,7,0,0,0,0,recommend,other,0,0,1,0,2,0,0,1,0,0,0,entertain,0,0,0,0,1,0,0,0,0,0,0,0,0,0,0,0,0,0,0,0,0,0,0,0,1.0,0,0,0,recommend_book_by_example,0.45,0.2
지난번 두산이가 말했던 식당이랑 비슷한 곳 찾아줘,26.4361,36,8,1,0,0,1,recommend,location/travel,2,3,1,1,2,0,0,0,0,1,0,plan/optimize,0,0,0,0,0,0,1,0,0,0,0,1,0,0,0,0,0,0,1,0,0,0,0,0,1.0,0,0,0,recommend_social_local,0.45,0.7
지난번 두산이가 말했던 카페랑 비슷한 곳 찾아줘,24.0292,35,8,1,0,0,1,recommend,location/travel,2,3,1,1,2,0,0,0,0,1,0,plan/optimize,0,0,0,0,0,0,1,0,0,0,0,1,0,0,0,0,0,0,1,0,0,0,0,0,1.0,0,0,0,recommend_social_local,0.45,0.7
지난번 두산이가 말했던 나들이 장소랑 비슷한 곳 찾아줘,19.9965,40,8,1,0,0,1,recommend,location/travel,2,3,1,1,2,0,0,0,0,1,0,plan/optimize,0,0,0,0,0,0,1,0,0,0,0,1,0,0,0,0,0,0,1,0,0,0,0,0,1.0,0,0,0,recommend_social_local,0.46,0.7
지난번 두산이가 말했던 여행지랑 비슷한 곳 찾아줘,21.7256,38,8,1,0,0,1,recommend,location/travel,2,3,1,1,2,0,0,0,0,1,0,plan/optimize,0,0,0,0,0,0,1,0,0,0,0,1,0,0,0,0,0,0,1,0,0,0,0,0,1.0,0,0,0,recommend_social_local,0.46,0.7
이 사진에 있는 신발이랑 비슷한 디자인 찾아줘,21.4302,29,7,0,0,0,0,recommend,photo/video,0,0,1,0,2,0,0,0,1,0,0,shop/save_money,0,0,0,0,0,1,0,0,0,0,0,0,0,0,0,0,0,0,0,0,0,0,0,0,1.0,0,0,0,visual_recommend_shopping,0.45,0.3
이 사진에 있는 티셔츠랑 비슷한 디자인 찾아줘,23.3894,29,7,0,0,0,0,recommend,photo/video,0,0,1,0,2,0,0,0,1,0,0,shop/save_money,0,0,0,0,0,1,0,0,0,0,0,0,0,0,0,0,0,0,0,0,0,0,0,0,1.0,0,0,0,visual_recommend_shopping,0.45,0.3
이 사진에 있는 가구랑 비슷한 디자인 찾아줘,9.9031,29,7,0,0,0,0,recommend,photo/video,0,0,1,0,2,0,0,0,1,0,0,shop/save_money,0,0,0,0,0,1,0,0,0,0,0,0,0,0,0,0,0,0,0,0,0,0,0,0,1.0,0,0,0,visual_recommend_shopping,0.45,0.3
이 사진에 있는 액세서리랑 비슷한 디자인 찾아줘,34.4119,33,8,0,0,0,0,recommend,photo/video,0,0,1,0,2,0,0,0,1,0,0,shop/save_money,0,0,0,0,0,1,0,0,0,0,0,0,0,0,0,0,0,0,0,0,0,0,0,0,1.0,0,0,0,visual_recommend_shopping,0.45,0.3
이 노트에 있는 내용과 관련된 유튜브 찾아줘,32.3092,26,6,0,0,0,0,retrieve_item,text_note/doc,1,0,1,0,2,0,0,0,1,0,0,entertain,0,0,0,0,1,0,0,0,0,1,0,0,0,0,0,0,0,0,0,0,0,0,0,0,1.0,0,0,0,crossmodal_retrieve_media,0.5,0.5
이 논문에 있는 내용과 관련된 강의 영상 찾아줘,39.9892,34,7,0,0,0,0,retrieve_item,text_note/doc,0,0,1,0,2,0,0,0,1,0,0,entertain,0,0,0,0,1,0,0,0,0,1,0,0,0,0,0,0,0,0,0,0,0,0,0,0,1.0,0,0,0,crossmodal_retrieve_education,0.55,0.3
이 회의록에 있는 내용과 관련된 뉴스 찾아줘,19.6215,36,7,0,0,0,0,retrieve_item,text_note/doc,0,0,1,0,2,0,0,0,1,0,0,monitor/track,0,0,0,0,1,0,0,0,0,1,0,0,0,0,0,0,0,0,0,0,0,0,0,0,1.0,0,0,0,crossmodal_retrieve_news,0.55,0.3
이 메모에 있는 내용과 관련된 자료 찾아줘,24.0666,33,7,0,0,0,0,retrieve_item,text_note/doc,1,0,1,0,2,0,0,0,1,0,0,monitor/track,0,0,0,0,0,0,0,0,0,1,0,0,0,0,0,0,0,0,0,0,0,0,0,0,1.0,0,0,0,crossmodal_retrieve_material,0.5,0.5
지난달에 갔던 캠핑장과 비슷한 곳 찾아줘,27.9766,29,7,1,2,0,1,recommend,location/travel,1,2,1,1,2,0,0,0,0,0,0,plan/optimize,0,0,0,0,0,0,1,0,0,0,0,0,0,0,0,0,0,0,0,0,0,0,0,0,1.0,0,0,0,recommend_similar_travel,0.45,0.6
지난달에 갔던 공원과 비슷한 곳 찾아줘,18.1948,27,7,1,2,0,1,recommend,location/travel,1,2,1,1,2,0,0,0,0,0,0,plan/optimize,0,0,0,0,0,0,1,0,0,0,0,0,0,0,0,0,0,0,0,0,0,0,0,0,1.0,0,0,0,recommend_similar_travel,0.44,0.6
지난달에 갔던 수목원과 비슷한 곳 찾아줘,17.8119,28,7,1,2,0,1,recommend,location/travel,1,2,1,1,2,0,0,0,0,0,0,plan/optimize,0,0,0,0,0,0,1,0,0,0,0,0,0,0,0,0,0,0,0,0,0,0,0,0,1.0,0,0,0,recommend_similar_travel,0.44,0.6
지난달에 갔던 나들이 장소와 비슷한 곳 찾아줘,37.8376,37,8,1,2,0,1,recommend,location/travel,1,2,1,1,2,0,0,0,0,0,0,plan/optimize,0,0,0,0,0,0,1,0,0,0,0,0,0,0,0,0,0,0,0,0,0,0,0,0,1.0,0,0,0,recommend_similar_travel,0.44,0.6
사진에 있는 이런 가방을 구경해 볼 수 있는 곳 찾아줘,18.7553,41,8,0,0,0,0,retrieve_item,photo/video,0,0,1,1,2,0,0,0,1,0,0,shop/save_money,0,0,0,0,0,1,0,0,0,0,0,0,0,0,0,0,0,0,0,0,0,0,0,0,1.0,0,0,0,visual_local_shopping,0.5,0.3
사진에 있는 이런 소파를 구경해 볼 수 있는 곳 찾아줘,20.5872,44,8,0,0,0,0,retrieve_item,photo/video,0,0,1,1,2,0,0,0,1,0,0,shop/save_money,0,0,0,0,0,1,0,0,0,0,0,0,0,0,0,0,0,0,0,0,0,0,0,0,1.0,0,0,0,visual_local_shopping,0.5,0.3
사진에 있는 이런 식탁을 구경해 볼 수 있는 곳 찾아줘,32.2836,44,8,0,0,0,0,retrieve_item,photo/video,0,0,1,1,2,0,0,0,1,0,0,shop/save_money,0,0,0,0,0,1,0,0,0,0,0,0,0,0,0,0,0,0,0,0,0,0,0,0,1.0,0,0,0,visual_local_shopping,0.5,0.3
사진에 있는 이런 인테리어 장식을 구경해 볼 수 있는 곳 찾아줘,19.7669,55,9,0,0,0,0,retrieve_item,photo/video,0,0,1,1,2,0,0,0,1,0,0,shop/save_money,0,0,0,0,0,1,0,0,0,0,0,0,0,0,0,0,0,0,0,0,0,0,0,0,1.0,0,0,0,visual_local_shopping,0.5,0.3
오늘 목표 걸음수를 채울 수 있는 코스 추천해줘,22.0324,26,8,1,2,1,3,recommend,activity/health,1,0,0,0,2,0,0,1,0,0,0,plan/optimize,0,0,0,1,0,0,0,0,0,0,0,0,0,0,0,0,0,0,0,1,0,0,0,0,1.0,0,0,0,recommend_activity,0.4,0.6
지금 근처에서 할 수 있는 운동 추천해줘,13.1321,22,7,1,2,1,3,recommend,activity/health,1,0,0,1,2,0,0,1,0,0,1,plan/optimize,0,0,0,1,0,0,1,0,0,0,0,0,0,0,0,0,0,0,0,0,0,1,0,0,1.0,0,0,0,recommend_activity_local,0.45,0.6
오늘 목표 칼로리를 달성 할 수 있는 운동 추천해줘,10.5821,28,9,1,2,1,3,recommend,activity/health,1,0,0,0,2,0,0,1,0,0,0,plan/optimize,0,0,0,1,0,0,0,0,0,0,0,0,0,0,0,0,0,0,0,1,0,0,0,0,1.0,0,0,0,recommend_activity,0.45,0.6
오늘같은 날씨에 하면 좋을 운동 추천해줘,12.9894,22,6,1,2,1,3,recommend,activity/health,1,0,0,0,2,0,0,1,0,0,0,plan/optimize,0,0,0,1,0,0,0,0,0,0,0,0,0,0,1,0,0,0,0,0,0,0,0,0,1.0,0,0,0,recommend_activity,0.45,0.6
지금 여기 아울렛에서 할인되는 카드 추천해줘,15.8561,24,6,1,2,1,3,recommend,commerce/shopping,0,0,0,1,2,0,0,1,0,0,1,shop/save_money,0,0,1,0,0,1,0,0,0,0,0,0,0,0,0,0,0,0,0,0,0,1,0,0,1.0,0,0,0,recommend_card_local,0.45,0.2
지금 여기 백화점에서 할인되는 카드 추천해줘,17.9164,24,6,1,2,1,3,recommend,commerce/shopping,0,0,0,1,2,0,0,1,0,0,1,shop/save_money,0,0,1,0,0,1,0,0,0,0,0,0,0,0,0,0,0,0,0,0,0,1,0,0,1.0,0,0,0,recommend_card_local,0.45,0.2
지금 여기 식당에서 할인되는 카드 추천해줘,17.2717,24,6,1,2,1,3,recommend,commerce/shopping,0,0,0,1,2,0,0,1,0,0,1,shop/save_money,0,0,1,0,0,1,0,0,0,0,0,0,0,0,0,0,0,0,0,0,0,1,0,0,1.0,0,0,0,recommend_card_local,0.45,0.2
지금 여기 카페에서 할인되는 카드 추천해줘,14.4256,24,6,1,2,1,3,recommend,commerce/shopping,0,0,0,1,2,0,0,1,0,0,1,shop/save_money,0,0,1,0,0,1,0,0,0,0,0,0,0,0,0,0,0,0,0,0,0,1,0,0,1.0,0,0,0,recommend_card_local,0.45,0.2
출퇴근 시간에 볼 만한 영상 추천해줘,18.0612,20,6,1,2,1,2,recommend,media_history,1,0,0,0,2,0,0,1,0,0,1,entertain,0,0,0,0,1,0,0,0,0,0,0,0,0,0,0,0,0,0,0,0,0,0,0,0,1.0,0,0,0,recommend_commute_media,0.45,0.4
공부할 때에 들으면 좋은 노래 추천해줘,14.1756,21,6,1,2,1,2,recommend,media_history,1,0,0,0,2,0,0,1,0,0,0,entertain,0,0,0,0,1,0,0,0,0,0,0,0,0,0,0,0,0,0,0,0,0,0,0,0,1.0,0,0,0,recommend_music_study,0.4,0.4
운동 중에 즐길 만한 콘텐츠 추천해줘,17.051,20,6,1,2,1,2,recommend,media_history,1,0,0,0,2,0,0,1,0,0,1,entertain,0,0,0,1,1,0,0,0,0,0,0,0,0,0,0,0,0,0,0,0,0,0,0,0,1.0,0,0,0,recommend_media_activity,0.4,0.5
휴식 시간에 읽기 좋은 책 추천해줘,12.775,20,6,1,2,1,2,recommend,media_history,1,0,0,0,2,0,0,1,0,0,0,entertain,0,0,0,0,1,0,0,0,0,0,0,0,0,0,0,0,0,0,0,0,0,0,0,0,1.0,0,0,0,recommend_book_short_session,0.35,0.4
지금 대화 중인 친구들과 갈 만한 식당 찾아줘,18.7958,25,8,1,2,1,3,recommend,location/travel,1,0,1,1,2,0,0,1,0,1,1,plan/optimize,0,0,0,0,0,0,1,0,0,0,0,0,0,0,0,0,0,0,0,0,0,1,0,0,1.0,0,0,0,recommend_nearby_restaurants,0.5,0.6
지금 대화 중인 친구들과 갈 만한 카페 찾아줘,19.255,24,8,1,2,1,3,recommend,location/travel,1,0,1,1,2,0,0,1,0,1,1,plan/optimize,0,0,0,0,0,0,1,0,0,0,0,0,0,0,0,0,0,0,0,0,0,1,0,0,1.0,0,0,0,recommend_nearby_cafe,0.5,0.6
지금 대화 중인 친구들과 갈 만한 펍 찾아줘,22.1998,24,8,1,2,1,3,recommend,location/travel,1,0,1,1,2,0,0,1,0,1,1,plan/optimize,0,0,0,0,0,0,1,0,0,0,0,0,0,0,0,0,0,0,0,0,0,1,0,0,1.0,0,0,0,recommend_nearby_pub,0.5,0.6
지금 대화 중인 친구들과 갈 만한 노래방 찾아줘,12.8402,27,8,1,2,1,3,recommend,location/travel,1,0,1,1,2,0,0,1,0,1,1,plan/optimize,0,0,0,0,0,0,1,0,0,0,0,0,0,0,0,0,0,0,0,0,0,1,0,0,1.0,0,0,0,recommend_nearby_karaoke,0.5,0.6
지금 내가 갖고 있는 멤버십 중에 여기 백화점에서 할인되는 멤버십 찾아줘,25.0356,40,11,1,2,1,3,generate_list,commerce/shopping,2,0,1,1,2,0,0,0,0,0,1,shop/save_money,0,0,1,0,0,1,0,0,0,0,0,0,0,0,0,0,0,0,0,0,0,1,0,0,1.0,0,0,0,filter_personal_membership_local,0.6,0.8
지금 내가 갖고 있는 쿠폰 중에 여기 마트에서 할인되는 쿠폰 찾아줘,18.4119,40,11,1,2,1,3,generate_list,commerce/shopping,2,0,1,1,2,0,0,0,0,0,1,shop/save_money,0,0,1,0,0,1,0,0,0,0,0,0,0,0,0,0,0,0,0,0,0,1,0,0,1.0,0,0,0,filter_personal_coupons_local,0.6,0.8
지금 내가 갖고 있는 카드 중에 여기 아울렛에서 할인되는 카드 찾아줘,28.7196,40,11,1,2,1,3,generate_list,commerce/shopping,2,0,1,1,2,0,0,0,0,0,1,shop/save_money,0,0,1,0,0,1,0,0,0,0,0,0,0,0,0,0,0,0,0,0,0,1,0,0,1.0,0,0,0,filter_personal_cards_local,0.6,0.8
지금 내가 갖고 있는 카드 중에 여기 온라인쇼핑몰에서 할인되는 카드 찾아줘,19.6738,48,12,1,2,1,3,generate_list,commerce/shopping,2,0,1,0,2,0,0,0,0,0,0,shop/save_money,0,0,1,0,0,1,0,0,0,0,0,0,0,0,0,0,0,0,0,0,0,0,0,0,1.0,0,0,0,filter_personal_cards_online,0.6,0.8
지금 30분 정도 여유 시간에 볼만한 도서 추천해줘,10.3147,28,8,1,2,1,3,recommend,media_history,1,0,0,0,2,0,0,1,0,0,1,entertain,0,1,0,0,1,0,0,0,0,0,0,0,0,0,0,1,0,0,0,0,0,1,0,0,1.0,0,1,0,recommend_book_short_session,0.45,0.4
지금 30분 정도 여유 시간에 볼만한 한국사 강의 추천해줘,17.7394,41,9,1,2,1,3,recommend,media_history,1,0,0,0,2,0,0,1,0,0,1,plan/optimize,0,1,0,0,1,0,0,0,0,0,0,0,0,0,0,1,0,0,0,0,0,1,0,0,1.0,0,1,0,recommend_course_short_session,0.45,0.4
지금 30분 정도 여유 시간에 볼만한 자기 계발 영상 추천해줘,15.1364,44,9,1,2,1,3,recommend,media_history,1,0,0,0,2,0,0,1,0,0,1,plan/optimize,0,1,0,0,1,0,0,0,0,0,0,0,0,0,0,1,0,0,0,0,0,1,0,0,1.0,0,1,0,recommend_selfdev_short_session,0.45,0.4
지금 30분 정도 여유 시간에 볼만한 다큐멘터리 추천해줘,18.6942,43,9,1,2,1,3,recommend,media_history,1,0,0,0,2,0,0,1,0,0,1,entertain,0,1,0,0,1,0,0,0,0,0,0,0,0,0,0,1,0,0,0,0,0,1,0,0,1.0,0,1,0,recommend_documentary_short_session,0.45,0.4
현재 위치에서 걸어서 갈 수 있는 맛집 리스트 보여줘,18.3592,35,8,1,2,1,3,generate_list,location/travel,1,0,1,1,2,0,0,0,0,0,1,plan/optimize,0,0,0,0,0,0,1,0,0,0,0,0,0,0,0,0,0,0,0,0,0,1,0,0,1.0,0,0,1,nearby_food_list,0.45,0.4
현재 위치에서 걸어서 갈 수 있는 카페 리스트 보여줘,18.4366,35,8,1,2,1,3,generate_list,location/travel,1,0,1,1,2,0,0,0,0,0,1,plan/optimize,0,0,0,0,0,0,1,0,0,0,0,0,0,0,0,0,0,0,0,0,0,1,0,0,1.0,0,0,1,nearby_cafe_list,0.45,0.4
현재 위치에서 걸어서 갈 수 있는 가볼만한 곳 리스트 보여줘,23.8414,41,8,1,2,1,3,generate_list,location/travel,1,0,1,1,2,0,0,0,0,0,1,plan/optimize,0,0,0,0,0,0,1,0,0,0,0,0,0,0,0,0,0,0,0,0,0,1,0,0,1.0,0,0,1,nearby_attractions_list,0.45,0.4
현재 위치에서 걸어서 갈 수 있는 오프라인 쇼핑몰 리스트 보여줘,17.871,48,9,1,2,1,3,generate_list,commerce/shopping,1,0,1,1,2,0,0,0,0,0,1,shop/save_money,0,0,0,0,0,1,1,0,0,0,0,0,0,0,0,0,0,0,0,0,0,1,0,0,1.0,0,0,1,nearby_offline_shopping_list,0.45,0.4
오늘 날씨에 적합한 패션 스타일 추천해줘,10.6296,30,6,1,2,1,3,recommend,commerce/shopping,1,0,0,0,2,0,0,1,0,0,0,plan/optimize,0,0,0,0,0,1,0,0,0,0,0,0,0,0,1,0,0,0,0,0,0,0,0,0,1.0,0,0,0,recommend_fashion_weather,0.4,0.5
오늘 출장지에 적합한 패션 스타일 추천해줘,22.7296,33,6,1,2,1,3,recommend,location/travel,1,0,0,1,2,0,0,1,0,0,0,plan/optimize,0,0,0,0,0,1,1,0,0,0,0,0,0,0,0,0,0,0,0,0,0,0,0,0,1.0,0,0,0,recommend_fashion_travel,0.45,0.5
오늘 저녁 약속에 적합한 패션 스타일 추천해줘,19.0553,36,7,1,2,1,3,recommend,commerce/shopping,1,0,0,0,2,0,0,1,0,0,0,plan/optimize,0,0,0,0,0,1,0,0,0,0,0,0,0,0,0,0,0,0,0,0,0,0,0,0,1.0,0,0,0,recommend_fashion_event,0.45,0.5
이번 주말에 뭐 입으면 좋을지 추천해줘,17.5808,29,6,1,3,1,2,recommend,commerce/shopping,1,0,0,0,2,0,0,1,0,0,0,plan/optimize,0,0,0,0,0,1,0,0,0,0,0,0,0,0,0,0,0,0,0,0,0,0,0,0,1.0,0,0,0,recommend_fashion_weekend,0.45,0.5
내가 자주 먹는 음식을 분석해서 늦은 밤에 먹기 좋은 건강식 추천해줘,26.025,38,11,1,2,1,2,recommend,activity/health,2,3,0,0,2,0,0,1,0,0,0,plan/optimize,0,0,0,1,0,0,0,0,0,0,0,0,1,0,0,0,0,0,0,0,0,0,0,0,1.0,0,0,0,recommend_health_personal,0.5,0.8
내가 자주 먹는 음식을 분석해서 아침에 먹기 좋은 간편식 추천해줘,13.3468,36,10,1,2,1,2,recommend,activity/health,2,3,0,0,2,0,0,1,0,0,0,plan/optimize,0,0,0,1,0,0,0,0,0,0,0,0,1,0,0,0,0,0,0,0,0,0,0,0,1.0,0,0,0,recommend_health_personal,0.5,0.8
내가 자주 먹는 음식을 분석해서 운동 후 먹기 좋은 음식 추천해줘,12.6053,36,11,0,0,1,2,recommend,activity/health,2,3,0,0,2,0,0,1,0,0,0,plan/optimize,0,0,0,1,0,0,0,0,0,0,0,0,1,0,0,0,0,0,0,0,0,0,0,0,1.0,0,0,0,recommend_health_personal,0.5,0.8
내가 자주 먹는 음식을 분석해서 다이어트할 때 먹기 좋은 음식 추천해줘,28.1394,39,11,0,0,1,2,recommend,activity/health,2,3,0,0,2,0,0,1,0,0,0,plan/optimize,0,0,0,1,0,0,0,0,0,0,0,0,1,0,0,0,0,0,0,0,0,0,0,0,1.0,0,0,0,recommend_health_personal,0.5,0.8
커피값 많이 쓰는 나한테 맞는 원두 구독 서비스 추천해줄래?,24.8223,32,9,0,0,1,0,recommend,commerce/shopping,2,3,1,0,2,0,0,1,0,0,0,shop/save_money,1,0,0,0,0,1,0,0,0,0,0,0,1,0,0,0,0,0,0,0,0,0,0,0,1.0,0,0,0,recommend_shopping_personal,0.5,0.8
영화 많이 보는 나한테 맞는 OTT 구독 서비스 추천해줄래?,15.5363,32,9,0,0,1,0,recommend,media_history,2,3,1,0,2,0,0,1,0,0,0,entertain,1,0,0,0,1,0,0,0,0,0,0,0,1,0,0,0,0,0,0,0,0,0,0,0,1.0,0,0,0,recommend_media_personal,0.5,0.8
트렌디한 영상 자주 보는 나한테 맞는 SNS/커뮤니티 서비스 추천해줄래?,26.3098,40,9,0,0,1,0,recommend,media_history,2,3,1,0,2,0,0,1,0,0,0,entertain,1,0,0,0,1,0,0,0,0,0,0,0,1,0,0,0,0,0,0,0,0,0,0,0,1.0,0,0,0,recommend_media_personal,0.55,0.8
음악 많이 듣는 나한테 맞는 음악 스트리밍 구독 서비스 추천해줄래?,18.4527,36,10,0,0,1,0,recommend,media_history,2,3,1,0,2,0,0,1,0,0,0,entertain,1,0,0,0,1,0,0,0,0,0,0,0,1,0,0,0,0,0,0,0,0,0,0,0,0.9,0,0,0,recommend_media_personal,0.5,0.8
내가 평소 듣는 콘텐츠 기준으로 재밌는 팟캐스트 추천해줘,27.8044,31,8,0,0,1,0,recommend,media_history,2,3,1,0,2,0,0,1,0,0,0,entertain,0,0,0,0,1,0,0,0,0,0,0,0,1,0,0,0,0,0,0,0,0,0,0,0,1.0,0,0,0,recommend_media_personal,0.45,0.8
내가 평소 보는 콘텐츠 기준으로 볼 만한 유튜브 채널 추천해줘,23.3731,34,10,0,0,1,0,recommend,media_history,2,3,1,0,2,0,0,1,0,0,0,entertain,0,0,0,0,1,0,0,0,0,0,0,0,1,0,0,0,0,0,0,0,0,0,0,0,1.0,0,0,0,recommend_media_personal,0.45,0.8
내가 평소 듣는 콘텐츠 기준으로 새로운 음악 추천해줘,15.7212,29,8,0,0,1,0,recommend,media_history,2,3,1,0,2,0,0,1,0,0,0,entertain,0,0,0,0,1,0,0,0,0,0,0,0,1,0,0,0,0,0,0,0,0,0,0,0,1.0,0,0,0,recommend_media_personal,0.45,0.8
내가 평소 듣는 콘텐츠 기준으로 들을 만한 라디오 추천해줘,21.2035,33,9,0,0,1,0,recommend,media_history,2,3,1,0,2,0,0,1,0,0,0,entertain,0,0,0,0,1,0,0,0,0,0,0,0,1,0,0,0,0,0,0,0,0,0,0,0,1.0,0,0,0,recommend_media_personal,0.45,0.8
재희랑 했던 대화를 분석해서 재희가 좋아할 만한 생일 선물 추천해줘,37.2681,37,10,0,0,1,0,recommend,communication/chat,2,3,0,0,2,0,0,1,0,1,0,plan/optimize,0,0,0,0,0,0,0,0,1,0,0,0,1,0,0,0,0,0,0,0,0,0,0,0,1.0,0,0,0,recommend_from_chat_personal,0.6,0.85
재희랑 했던 대화를 분석해서 재희가 좋아할 만한 기념일 선물 추천해줘,29.7371,37,10,0,0,1,0,recommend,communication/chat,2,3,0,0,2,0,0,1,0,1,0,plan/optimize,0,0,0,0,0,0,0,0,1,0,0,0,1,0,0,0,0,0,0,0,0,0,0,0,1.0,0,0,0,recommend_from_chat_personal,0.6,0.85
재희랑 했던 대화를 분석해서 재희가 좋아할 만한 크리스마스 선물 추천해줘,31.2297,37,10,0,0,1,0,recommend,communication/chat,2,3,0,0,2,0,0,1,0,1,0,plan/optimize,0,0,0,0,0,0,0,0,1,0,0,0,1,0,0,0,0,0,0,0,0,0,0,0,1.0,0,0,0,recommend_from_chat_personal,0.6,0.85
재희랑 했던 대화를 분석해서 재희가 좋아할 만한 졸업 선물 추천해줘,41.8565,37,10,0,0,1,0,recommend,communication/chat,2,3,0,0,2,0,0,1,0,1,0,plan/optimize,0,0,0,0,0,0,0,0,1,0,0,0,1,0,0,0,0,0,0,0,0,0,0,0,1.0,0,0,0,recommend_from_chat_personal,0.6,0.85
내가 자주 사는 치약을 최저가로 구매할 수 있는 곳 알려줘,20.2837,32,10,0,0,1,0,recommend,commerce/shopping,2,3,1,0,2,0,0,1,0,0,0,shop/save_money,0,0,1,0,0,1,0,0,0,0,0,0,1,1,0,0,0,0,0,0,0,0,0,0,1.0,0,0,0,recommend_shopping_personal,0.5,0.8
내가 자주 사는 샴푸를 할인가로 구매할 수 있는 곳 알려줘,17.4653,33,10,0,0,1,0,recommend,commerce/shopping,2,3,1,0,2,0,0,1,0,0,0,shop/save_money,0,0,1,0,0,1,0,0,0,0,0,0,1,1,0,0,0,0,0,0,0,0,0,0,1.0,0,0,0,recommend_shopping_personal,0.5,0.8
내가 자주 사는 세제를 특가로 구매할 수 있는 곳 알려줘,23.5022,33,10,0,0,1,0,recommend,commerce/shopping,2,3,1,0,2,0,0,1,0,0,0,shop/save_money,0,0,1,0,0,1,0,0,0,0,0,0,1,1,0,0,0,0,0,0,0,0,0,0,1.0,0,0,0,recommend_shopping_personal,0.5,0.8
내가 자주 사는 화장지를 저렴한 가격으로 구매할 수 있는 곳 알려줘,22.2698,39,10,0,0,1,0,recommend,commerce/shopping,2,3,1,0,2,0,0,1,0,0,0,shop/save_money,0,0,1,0,0,1,0,0,0,0,0,0,1,1,0,0,0,0,0,0,0,0,0,0,1.0,0,0,0,recommend_shopping_personal,0.5,0.8
내가 자주 보는 콘텐츠 기준으로 볼만한 최신 뉴스 검색해줘,24.3256,33,9,0,0,1,0,generate_list,media_history,2,3,1,0,2,0,0,0,0,0,0,entertain,0,0,0,0,1,0,0,0,0,0,0,0,1,0,0,0,0,0,0,0,0,0,0,0,1.0,0,0,0,search_media_personal,0.45,0.8
내가 자주 보는 콘텐츠 기준으로 볼만한 최신 트렌드 검색해줘,15.0165,34,9,0,0,1,0,generate_list,media_history,2,3,1,0,2,0,0,0,0,0,0,entertain,0,0,0,0,1,0,0,0,0,0,0,0,1,0,0,0,0,0,0,0,0,0,0,0,1.0,0,0,0,search_media_personal,0.45,0.8
내가 자주 보는 콘텐츠 기준으로 볼만한 최신 잡지 검색해줘,27.3833,34,9,0,0,1,0,generate_list,media_history,2,3,1,0,2,0,0,0,0,0,0,entertain,0,0,0,0,1,0,0,0,0,0,0,0,1,0,0,0,0,0,0,0,0,0,0,0,1.0,0,0,0,search_media_personal,0.45,0.8
내가 자주 보는 콘텐츠 기준으로 볼만한 최신 블로그 검색해줘,15.2104,35,9,0,0,1,0,generate_list,media_history,2,3,1,0,2,0,0,0,0,0,0,entertain,0,0,0,0,1,0,0,0,0,0,0,0,1,0,0,0,0,0,0,0,0,0,0,0,1.0,0,0,0,search_media_personal,0.45,0.8
나연이랑 갈만한 점심 식당 추천해줘,14.9039,18,5,1,2,1,2,recommend,location/travel,1,0,1,1,2,0,0,1,0,1,0,entertain,0,0,0,0,0,0,1,0,0,0,0,0,0,0,0,0,0,0,0,0,0,0,0,0,1.0,0,0,0,recommend_location_personal,0.45,0.6
나연이랑 갈만한 점심 카페 추천해줘,20.0891,20,5,1,2,1,2,recommend,location/travel,1,0,1,1,2,0,0,1,0,1,0,entertain,0,0,0,0,0,0,1,0,0,0,0,0,0,0,0,0,0,0,0,0,0,0,0,0,1.0,0,0,0,recommend_location_personal,0.45,0.6
나연이랑 갈만한 점심 데이트 장소 추천해줘,36.2261,24,6,1,2,1,2,recommend,location/travel,1,0,1,1,2,0,0,1,0,1,0,entertain,0,0,0,0,0,0,1,0,0,0,0,0,0,0,0,0,0,0,0,0,0,0,0,0,1.0,0,0,0,recommend_location_personal,0.45,0.6
나연이랑 갈만한 점심 브런치 카페 추천해줘,20.0408,29,7,1,2,1,2,recommend,location/travel,1,0,1,1,2,0,0,1,0,1,0,entertain,0,0,0,0,0,0,1,0,0,0,0,0,0,0,0,0,0,0,0,0,0,0,0,0,1.0,0,0,0,recommend_location_personal,0.45,0.6
내 건강 데이터를 참고해서 오늘 식단을 추천해줘,28.2162,25,7,1,2,1,3,recommend,activity/health,2,3,0,0,2,0,0,1,0,0,0,plan/optimize,0,0,0,1,0,0,0,0,0,0,0,0,1,0,0,0,0,0,0,0,0,0,0,0,1.0,0,0,0,recommend_health_personal,0.6,0.9
내 일정(캘린더)을 참고해서 오늘 점심 메뉴 추천해줘,18.7407,29,7,1,2,1,3,recommend,schedule/calendar,2,0,0,0,1,0,0,1,0,0,0,plan/optimize,0,0,0,0,0,0,0,1,0,1,0,0,1,0,0,0,0,0,0,0,0,0,0,0,1.0,0,0,0,recommend_calendar_personal,0.55,0.9
내 목표 칼로리와 운동량을 참고해서 오늘 식단을 추천해줘,20.401,36,8,1,2,1,3,recommend,activity/health,2,3,0,0,2,0,0,1,0,0,0,plan/optimize,0,0,0,1,0,0,0,0,0,0,0,0,1,0,0,0,0,0,0,1,0,0,0,0,1.0,0,0,0,recommend_health_personal,0.6,0.9
내 수면 분석 데이터를 참고해서 오늘 식단을 추천해줘,21.7058,33,7,1,2,1,3,recommend,activity/health,2,3,0,0,2,0,0,1,0,0,0,plan/optimize,0,0,0,1,0,0,0,0,0,0,0,0,1,0,0,0,0,0,0,0,0,0,0,0,1.0,0,0,0,recommend_health_personal,0.6,0.9
